category,program,role,source_absolute_path,source_relative_path,destination_absolute_path,filename,source_width,source_height,source_size_bytes,source_sha256,destination_exists,destination_sha256,copy_action,warning,status
Atlas Trekkings,2-day Toubkal trekking,gallery,C:\Users\ASUS\Desktop\authentic morocco adventures pictures\webp-production-ready\Atlas Trekkings\2-day Toubkal trekking\2-day-toubkal-trekking-atlas-mountains-hiker-viewpoint-gallery.webp,Atlas Trekkings\2-day Toubkal trekking\2-day-toubkal-trekking-atlas-mountains-hiker-viewpoint-gallery.webp,C:\Users\ASUS\Desktop\Clients\LocalMoroccoTours\LocalMoroccoTours\public\assets\images\programs\Atlas Trekkings\2-day Toubkal trekking\2-day-toubkal-trekking-atlas-mountains-hiker-viewpoint-gallery.webp,2-day-toubkal-trekking-atlas-mountains-hiker-viewpoint-gallery.webp,1500,1125,275022,6a120560efe09e3608dd56d4de1f915a6174d354c3d07010628a33067c900f66,no,,safe-new-file,,planned
Atlas Trekkings,2-day Toubkal trekking,cover,C:\Users\ASUS\Desktop\authentic morocco adventures pictures\webp-production-ready\Atlas Trekkings\2-day Toubkal trekking\2-day-toubkal-trekking-toubkal-summit-snow-trekkers-cover.webp,Atlas Trekkings\2-day Toubkal trekking\2-day-toubkal-trekking-toubkal-summit-snow-trekkers-cover.webp,C:\Users\ASUS\Desktop\Clients\LocalMoroccoTours\LocalMoroccoTours\public\assets\images\programs\Atlas Trekkings\2-day Toubkal trekking\2-day-toubkal-trekking-toubkal-summit-snow-trekkers-cover.webp,2-day-toubkal-trekking-toubkal-summit-snow-trekkers-cover.webp,1200,750,133622,1cdd30a80a092d33775bb14bd3b7b0d43c722a2aeed5a02352f7f2838bfe8bf3,no,,safe-new-file,,planned
Atlas Trekkings,3-day Berber villages trek,gallery,C:\Users\ASUS\Desktop\authentic morocco adventures pictures\webp-production-ready\Atlas Trekkings\3-day Berber villages trek\3-day-berber-villages-trek-high-atlas-trekking-group-trail-gallery.webp,Atlas Trekkings\3-day Berber villages trek\3-day-berber-villages-trek-high-atlas-trekking-group-trail-gallery.webp,C:\Users\ASUS\Desktop\Clients\LocalMoroccoTours\LocalMoroccoTours\public\assets\images\programs\Atlas Trekkings\3-day Berber villages trek\3-day-berber-villages-trek-high-atlas-trekking-group-trail-gallery.webp,3-day-berber-villages-trek-high-atlas-trekking-group-trail-gallery.webp,669,446,116774,a5d5f3e882bd3900c839a10ec3b2ac4f7d03023d10e1b9da0c2c1d24b672ca18,no,,safe-new-file,,planned
Atlas Trekkings,3-day Berber villages trek,cover,C:\Users\ASUS\Desktop\authentic morocco adventures pictures\webp-production-ready\Atlas Trekkings\3-day Berber villages trek\3-day-berber-villages-trek-imlil-valley-berber-village-terraces-cover.webp,Atlas Trekkings\3-day Berber villages trek\3-day-berber-villages-trek-imlil-valley-berber-village-terraces-cover.webp,C:\Users\ASUS\Desktop\Clients\LocalMoroccoTours\LocalMoroccoTours\public\assets\images\programs\Atlas Trekkings\3-day Berber villages trek\3-day-berber-villages-trek-imlil-valley-berber-village-terraces-cover.webp,3-day-berber-villages-trek-imlil-valley-berber-village-terraces-cover.webp,960,540,177398,dadd3bad7fded7c313fa417554a73c755a4ef34910d201eb93baf13178660dbc,no,,safe-new-file,,planned
Atlas Trekkings,3-day Toubkal trekking tour,gallery,C:\Users\ASUS\Desktop\authentic morocco adventures pictures\webp-production-ready\Atlas Trekkings\3-day Toubkal trekking tour\3-day-toubkal-trekking-tour-imlil-valley-atlas-panorama-gallery.webp,Atlas Trekkings\3-day Toubkal trekking tour\3-day-toubkal-trekking-tour-imlil-valley-atlas-panorama-gallery.webp,C:\Users\ASUS\Desktop\Clients\LocalMoroccoTours\LocalMoroccoTours\public\assets\images\programs\Atlas Trekkings\3-day Toubkal trekking tour\3-day-toubkal-trekking-tour-imlil-valley-atlas-panorama-gallery.webp,3-day-toubkal-trekking-tour-imlil-valley-atlas-panorama-gallery.webp,1920,902,455078,d2399a2aaf989220116a9a55f2fecf4d950fae9eb30451fa9dd82fecda3515fa,no,,safe-new-file,,planned
Atlas Trekkings,3-day Toubkal trekking tour,cover,C:\Users\ASUS\Desktop\authentic morocco adventures pictures\webp-production-ready\Atlas Trekkings\3-day Toubkal trekking tour\3-day-toubkal-trekking-tour-toubkal-snowy-valley-trekker-cover.webp,Atlas Trekkings\3-day Toubkal trekking tour\3-day-toubkal-trekking-tour-toubkal-snowy-valley-trekker-cover.webp,C:\Users\ASUS\Desktop\Clients\LocalMoroccoTours\LocalMoroccoTours\public\assets\images\programs\Atlas Trekkings\3-day Toubkal trekking tour\3-day-toubkal-trekking-tour-toubkal-snowy-valley-trekker-cover.webp,3-day-toubkal-trekking-tour-toubkal-snowy-valley-trekker-cover.webp,1920,1280,303346,e0684422b840b0349a5283adc71542635b3470b6d0a67e7af0888cb4c766f083,no,,safe-new-file,,planned
Desert Tours from Casablanca,11-day grand tour from Casablanca,cover,C:\Users\ASUS\Desktop\authentic morocco adventures pictures\webp-production-ready\Desert Tours from Casablanca\11-day grand tour from Casablanca\11-day-grand-tour-from-casablanca-hassan-ii-mosque-casablanca-cover.webp,Desert Tours from Casablanca\11-day grand tour from Casablanca\11-day-grand-tour-from-casablanca-hassan-ii-mosque-casablanca-cover.webp,C:\Users\ASUS\Desktop\Clients\LocalMoroccoTours\LocalMoroccoTours\public\assets\images\programs\Desert Tours from Casablanca\11-day grand tour from Casablanca\11-day-grand-tour-from-casablanca-hassan-ii-mosque-casablanca-cover.webp,11-day-grand-tour-from-casablanca-hassan-ii-mosque-casablanca-cover.webp,1024,683,60506,21210586a24de683cebc1e0c2a5ccb96bff78748e8673e53ee0ee709e98f6e7e,no,,safe-new-file,,planned
Desert Tours from Casablanca,11-day grand tour from Casablanca,gallery,C:\Users\ASUS\Desktop\authentic morocco adventures pictures\webp-production-ready\Desert Tours from Casablanca\11-day grand tour from Casablanca\11-day-grand-tour-from-casablanca-skoura-oasis-kasbah-camel-gallery.webp,Desert Tours from Casablanca\11-day grand tour from Casablanca\11-day-grand-tour-from-casablanca-skoura-oasis-kasbah-camel-gallery.webp,C:\Users\ASUS\Desktop\Clients\LocalMoroccoTours\LocalMoroccoTours\public\assets\images\programs\Desert Tours from Casablanca\11-day grand tour from Casablanca\11-day-grand-tour-from-casablanca-skoura-oasis-kasbah-camel-gallery.webp,11-day-grand-tour-from-casablanca-skoura-oasis-kasbah-camel-gallery.webp,870,555,82064,f25fde2dbfb069ed74d39a7126893f53b332abeb78e3d6012a74fce2d9c5adb3,no,,safe-new-file,,planned
Desert Tours from Casablanca,14-day grand Morocco tour from Casablanca,cover,C:\Users\ASUS\Desktop\authentic morocco adventures pictures\webp-production-ready\Desert Tours from Casablanca\14-day grand Morocco tour from Casablanca\14-day-grand-morocco-tour-from-casablanca-chefchaouen-blue-city-sunset-cover.webp,Desert Tours from Casablanca\14-day grand Morocco tour from Casablanca\14-day-grand-morocco-tour-from-casablanca-chefchaouen-blue-city-sunset-cover.webp,C:\Users\ASUS\Desktop\Clients\LocalMoroccoTours\LocalMoroccoTours\public\assets\images\programs\Desert Tours from Casablanca\14-day grand Morocco tour from Casablanca\14-day-grand-morocco-tour-from-casablanca-chefchaouen-blue-city-sunset-cover.webp,14-day-grand-morocco-tour-from-casablanca-chefchaouen-blue-city-sunset-cover.webp,1000,510,72216,126e6b99896bb083a6f1c57ec617db9820c2225c9a77ec92077701785a6492e4,no,,safe-new-file,,planned
Desert Tours from Casablanca,14-day grand Morocco tour from Casablanca,gallery,C:\Users\ASUS\Desktop\authentic morocco adventures pictures\webp-production-ready\Desert Tours from Casablanca\14-day grand Morocco tour from Casablanca\14-day-grand-morocco-tour-from-casablanca-tizi-n-test-mountain-road-gallery.webp,Desert Tours from Casablanca\14-day grand Morocco tour from Casablanca\14-day-grand-morocco-tour-from-casablanca-tizi-n-test-mountain-road-gallery.webp,C:\Users\ASUS\Desktop\Clients\LocalMoroccoTours\LocalMoroccoTours\public\assets\images\programs\Desert Tours from Casablanca\14-day grand Morocco tour from Casablanca\14-day-grand-morocco-tour-from-casablanca-tizi-n-test-mountain-road-gallery.webp,14-day-grand-morocco-tour-from-casablanca-tizi-n-test-mountain-road-gallery.webp,1200,799,208982,b89c0e77d59751dbc78ac9923aa880b80cd26d8062dc7786ab49ceefe7982323,no,,safe-new-file,,planned
Desert Tours from Casablanca,2-day Casablanca to Chefchaouen,cover,C:\Users\ASUS\Desktop\authentic morocco adventures pictures\webp-production-ready\Desert Tours from Casablanca\2-day Casablanca to Chefchaouen\2-day-casablanca-to-chefchaouen-chefchaouen-blue-medina-stairs-cover.webp,Desert Tours from Casablanca\2-day Casablanca to Chefchaouen\2-day-casablanca-to-chefchaouen-chefchaouen-blue-medina-stairs-cover.webp,C:\Users\ASUS\Desktop\Clients\LocalMoroccoTours\LocalMoroccoTours\public\assets\images\programs\Desert Tours from Casablanca\2-day Casablanca to Chefchaouen\2-day-casablanca-to-chefchaouen-chefchaouen-blue-medina-stairs-cover.webp,2-day-casablanca-to-chefchaouen-chefchaouen-blue-medina-stairs-cover.webp,612,408,82698,bf44c62b04a028a199f533dcbc958c1abe5a2b2176b779e198e335500745b0ff,no,,safe-new-file,,planned
Desert Tours from Casablanca,2-day Casablanca to Chefchaouen,gallery,C:\Users\ASUS\Desktop\authentic morocco adventures pictures\webp-production-ready\Desert Tours from Casablanca\2-day Casablanca to Chefchaouen\2-day-casablanca-to-chefchaouen-chefchaouen-medina-carpet-souk-gallery.webp,Desert Tours from Casablanca\2-day Casablanca to Chefchaouen\2-day-casablanca-to-chefchaouen-chefchaouen-medina-carpet-souk-gallery.webp,C:\Users\ASUS\Desktop\Clients\LocalMoroccoTours\LocalMoroccoTours\public\assets\images\programs\Desert Tours from Casablanca\2-day Casablanca to Chefchaouen\2-day-casablanca-to-chefchaouen-chefchaouen-medina-carpet-souk-gallery.webp,2-day-casablanca-to-chefchaouen-chefchaouen-medina-carpet-souk-gallery.webp,669,446,154730,326ac66425e1f70ef21bbff548285ea9eacb45ee4b695a0d6e4b5917514c5496,no,,safe-new-file,,planned
Desert Tours from Casablanca,2-day Casablanca to Marrakech,gallery,C:\Users\ASUS\Desktop\authentic morocco adventures pictures\webp-production-ready\Desert Tours from Casablanca\2-day Casablanca to Marrakech\2-day-casablanca-to-marrakech-casablanca-skyline-hassan-ii-mosque-gallery.webp,Desert Tours from Casablanca\2-day Casablanca to Marrakech\2-day-casablanca-to-marrakech-casablanca-skyline-hassan-ii-mosque-gallery.webp,C:\Users\ASUS\Desktop\Clients\LocalMoroccoTours\LocalMoroccoTours\public\assets\images\programs\Desert Tours from Casablanca\2-day Casablanca to Marrakech\2-day-casablanca-to-marrakech-casablanca-skyline-hassan-ii-mosque-gallery.webp,2-day-casablanca-to-marrakech-casablanca-skyline-hassan-ii-mosque-gallery.webp,1020,498,119836,606b80f7cab4da11fab1d062acb090c4859b34bbc4da867526df4bd49d09dbeb,no,,safe-new-file,,planned
Desert Tours from Casablanca,2-day Casablanca to Marrakech,cover,C:\Users\ASUS\Desktop\authentic morocco adventures pictures\webp-production-ready\Desert Tours from Casablanca\2-day Casablanca to Marrakech\2-day-casablanca-to-marrakech-koutoubia-mosque-marrakech-cover.webp,Desert Tours from Casablanca\2-day Casablanca to Marrakech\2-day-casablanca-to-marrakech-koutoubia-mosque-marrakech-cover.webp,C:\Users\ASUS\Desktop\Clients\LocalMoroccoTours\LocalMoroccoTours\public\assets\images\programs\Desert Tours from Casablanca\2-day Casablanca to Marrakech\2-day-casablanca-to-marrakech-koutoubia-mosque-marrakech-cover.webp,2-day-casablanca-to-marrakech-koutoubia-mosque-marrakech-cover.webp,1250,740,145356,f6bb0b489340166c0a60c570beb21340f345a76416815372b34d12734bc58033,no,,safe-new-file,,planned
Desert Tours from Casablanca,3-day Casablanca to Chefchaouen and Fes,cover,C:\Users\ASUS\Desktop\authentic morocco adventures pictures\webp-production-ready\Desert Tours from Casablanca\3-day Casablanca to Chefchaouen and Fes\3-day-casablanca-to-chefchaouen-and-fes-chefchaouen-blue-medina-street-cover.webp,Desert Tours from Casablanca\3-day Casablanca to Chefchaouen and Fes\3-day-casablanca-to-chefchaouen-and-fes-chefchaouen-blue-medina-street-cover.webp,C:\Users\ASUS\Desktop\Clients\LocalMoroccoTours\LocalMoroccoTours\public\assets\images\programs\Desert Tours from Casablanca\3-day Casablanca to Chefchaouen and Fes\3-day-casablanca-to-chefchaouen-and-fes-chefchaouen-blue-medina-street-cover.webp,3-day-casablanca-to-chefchaouen-and-fes-chefchaouen-blue-medina-street-cover.webp,850,591,202808,359612853ce82b4d40a40dacac228a48d401feefc278d076a400b3f85245744c,no,,safe-new-file,,planned
Desert Tours from Casablanca,3-day Casablanca to Chefchaouen and Fes,gallery,C:\Users\ASUS\Desktop\authentic morocco adventures pictures\webp-production-ready\Desert Tours from Casablanca\3-day Casablanca to Chefchaouen and Fes\3-day-casablanca-to-chefchaouen-and-fes-fes-medina-souk-crafts-gallery.webp,Desert Tours from Casablanca\3-day Casablanca to Chefchaouen and Fes\3-day-casablanca-to-chefchaouen-and-fes-fes-medina-souk-crafts-gallery.webp,C:\Users\ASUS\Desktop\Clients\LocalMoroccoTours\LocalMoroccoTours\public\assets\images\programs\Desert Tours from Casablanca\3-day Casablanca to Chefchaouen and Fes\3-day-casablanca-to-chefchaouen-and-fes-fes-medina-souk-crafts-gallery.webp,3-day-casablanca-to-chefchaouen-and-fes-fes-medina-souk-crafts-gallery.webp,1200,937,295160,997e406c7c8234eb1f81a5b11e7dbdbc22ef5e6f5155da2e66c38cf11f120cb6,no,,safe-new-file,,planned
Desert Tours from Casablanca,3-day Casablanca to Marrakech and Essaouira,cover,C:\Users\ASUS\Desktop\authentic morocco adventures pictures\webp-production-ready\Desert Tours from Casablanca\3-day Casablanca to Marrakech and Essaouira\3-day-casablanca-to-marrakech-and-essaouira-essaouira-skala-ramparts-ocean-cover.webp,Desert Tours from Casablanca\3-day Casablanca to Marrakech and Essaouira\3-day-casablanca-to-marrakech-and-essaouira-essaouira-skala-ramparts-ocean-cover.webp,C:\Users\ASUS\Desktop\Clients\LocalMoroccoTours\LocalMoroccoTours\public\assets\images\programs\Desert Tours from Casablanca\3-day Casablanca to Marrakech and Essaouira\3-day-casablanca-to-marrakech-and-essaouira-essaouira-skala-ramparts-ocean-cover.webp,3-day-casablanca-to-marrakech-and-essaouira-essaouira-skala-ramparts-ocean-cover.webp,655,468,90756,4304a00aac9c9257c54be42d583a3354a7e965d5777e52349a0846d46b3ecb6c,no,,safe-new-file,,planned
Desert Tours from Casablanca,3-day Casablanca to Marrakech and Essaouira,gallery,C:\Users\ASUS\Desktop\authentic morocco adventures pictures\webp-production-ready\Desert Tours from Casablanca\3-day Casablanca to Marrakech and Essaouira\3-day-casablanca-to-marrakech-and-essaouira-marrakech-souk-basket-handicrafts-gallery.webp,Desert Tours from Casablanca\3-day Casablanca to Marrakech and Essaouira\3-day-casablanca-to-marrakech-and-essaouira-marrakech-souk-basket-handicrafts-gallery.webp,C:\Users\ASUS\Desktop\Clients\LocalMoroccoTours\LocalMoroccoTours\public\assets\images\programs\Desert Tours from Casablanca\3-day Casablanca to Marrakech and Essaouira\3-day-casablanca-to-marrakech-and-essaouira-marrakech-souk-basket-handicrafts-gallery.webp,3-day-casablanca-to-marrakech-and-essaouira-marrakech-souk-basket-handicrafts-gallery.webp,800,534,142578,909fb19944a2298b4838e43bb91619b16f5a822bf7c685cb5c0ef50a377fc255,no,,safe-new-file,,planned
Desert Tours from Casablanca,5-day Casablanca to Sahara desert,gallery,C:\Users\ASUS\Desktop\authentic morocco adventures pictures\webp-production-ready\Desert Tours from Casablanca\5-day Casablanca to Sahara desert\5-day-casablanca-to-sahara-desert-ait-benhaddou-kasbah-dusk-gallery.webp,Desert Tours from Casablanca\5-day Casablanca to Sahara desert\5-day-casablanca-to-sahara-desert-ait-benhaddou-kasbah-dusk-gallery.webp,C:\Users\ASUS\Desktop\Clients\LocalMoroccoTours\LocalMoroccoTours\public\assets\images\programs\Desert Tours from Casablanca\5-day Casablanca to Sahara desert\5-day-casablanca-to-sahara-desert-ait-benhaddou-kasbah-dusk-gallery.webp,5-day-casablanca-to-sahara-desert-ait-benhaddou-kasbah-dusk-gallery.webp,1600,1067,175174,08faf03c892157e508193817e1caab50660de824afeaa34495bee37cd8af9088,no,,safe-new-file,,planned
Desert Tours from Casablanca,5-day Casablanca to Sahara desert,cover,C:\Users\ASUS\Desktop\authentic morocco adventures pictures\webp-production-ready\Desert Tours from Casablanca\5-day Casablanca to Sahara desert\5-day-casablanca-to-sahara-desert-erg-chebbi-camel-caravan-sunset-cover.webp,Desert Tours from Casablanca\5-day Casablanca to Sahara desert\5-day-casablanca-to-sahara-desert-erg-chebbi-camel-caravan-sunset-cover.webp,C:\Users\ASUS\Desktop\Clients\LocalMoroccoTours\LocalMoroccoTours\public\assets\images\programs\Desert Tours from Casablanca\5-day Casablanca to Sahara desert\5-day-casablanca-to-sahara-desert-erg-chebbi-camel-caravan-sunset-cover.webp,5-day-casablanca-to-sahara-desert-erg-chebbi-camel-caravan-sunset-cover.webp,720,480,36394,63aa6e84783e33fce3ba24e0f913b9ac07366b588a6090936c1531970c190592,no,,safe-new-file,,planned
Desert Tours from Casablanca,7-day Casablanca to imperial cities and Sahara,cover,C:\Users\ASUS\Desktop\authentic morocco adventures pictures\webp-production-ready\Desert Tours from Casablanca\7-day Casablanca to imperial cities and Sahara\7-day-casablanca-to-imperial-cities-and-sahara-bab-mansour-gate-meknes-cover.webp,Desert Tours from Casablanca\7-day Casablanca to imperial cities and Sahara\7-day-casablanca-to-imperial-cities-and-sahara-bab-mansour-gate-meknes-cover.webp,C:\Users\ASUS\Desktop\Clients\LocalMoroccoTours\LocalMoroccoTours\public\assets\images\programs\Desert Tours from Casablanca\7-day Casablanca to imperial cities and Sahara\7-day-casablanca-to-imperial-cities-and-sahara-bab-mansour-gate-meknes-cover.webp,7-day-casablanca-to-imperial-cities-and-sahara-bab-mansour-gate-meknes-cover.webp,1600,1071,554938,6cc746e732db209c5c492ed3c3b664a46bffba021715fc7fad6fbff26413027b,no,,safe-new-file,,planned
Desert Tours from Casablanca,7-day Casablanca to imperial cities and Sahara,gallery,C:\Users\ASUS\Desktop\authentic morocco adventures pictures\webp-production-ready\Desert Tours from Casablanca\7-day Casablanca to imperial cities and Sahara\7-day-casablanca-to-imperial-cities-and-sahara-sahara-desert-camp-sunset-gallery.webp,Desert Tours from Casablanca\7-day Casablanca to imperial cities and Sahara\7-day-casablanca-to-imperial-cities-and-sahara-sahara-desert-camp-sunset-gallery.webp,C:\Users\ASUS\Desktop\Clients\LocalMoroccoTours\LocalMoroccoTours\public\assets\images\programs\Desert Tours from Casablanca\7-day Casablanca to imperial cities and Sahara\7-day-casablanca-to-imperial-cities-and-sahara-sahara-desert-camp-sunset-gallery.webp,7-day-casablanca-to-imperial-cities-and-sahara-sahara-desert-camp-sunset-gallery.webp,640,479,69276,834d9f5b3d43e7b7aa769b9e26b20f30e6b0096a15e179e2c37453a452613824,no,,safe-new-file,,planned
Desert Tours from Casablanca,9-day private tour from Casablanca,gallery,C:\Users\ASUS\Desktop\authentic morocco adventures pictures\webp-production-ready\Desert Tours from Casablanca\9-day private tour from Casablanca\9-day-private-tour-from-casablanca-agadir-marina-boats-gallery.webp,Desert Tours from Casablanca\9-day private tour from Casablanca\9-day-private-tour-from-casablanca-agadir-marina-boats-gallery.webp,C:\Users\ASUS\Desktop\Clients\LocalMoroccoTours\LocalMoroccoTours\public\assets\images\programs\Desert Tours from Casablanca\9-day private tour from Casablanca\9-day-private-tour-from-casablanca-agadir-marina-boats-gallery.webp,9-day-private-tour-from-casablanca-agadir-marina-boats-gallery.webp,678,452,68246,ab6b4fa7d67058660d3977d976c287e30d86baf771c11fb6f12ebb68732d02c4,no,,safe-new-file,,planned
Desert Tours from Casablanca,9-day private tour from Casablanca,cover,C:\Users\ASUS\Desktop\authentic morocco adventures pictures\webp-production-ready\Desert Tours from Casablanca\9-day private tour from Casablanca\9-day-private-tour-from-casablanca-todra-gorge-canyon-road-cover.webp,Desert Tours from Casablanca\9-day private tour from Casablanca\9-day-private-tour-from-casablanca-todra-gorge-canyon-road-cover.webp,C:\Users\ASUS\Desktop\Clients\LocalMoroccoTours\LocalMoroccoTours\public\assets\images\programs\Desert Tours from Casablanca\9-day private tour from Casablanca\9-day-private-tour-from-casablanca-todra-gorge-canyon-road-cover.webp,9-day-private-tour-from-casablanca-todra-gorge-canyon-road-cover.webp,1800,1196,519300,be3890a030149b2686dbc6cb21edf20bd7569e92a6025a4ba84fc94b039f700d,no,,safe-new-file,,planned
Tours from Agadir,2-day Agadir to Zagora desert,cover,C:\Users\ASUS\Desktop\authentic morocco adventures pictures\webp-production-ready\Tours from Agadir\2-day Agadir to Zagora desert\2-day-agadir-to-zagora-desert-draa-valley-kasbah-village-cover.webp,Tours from Agadir\2-day Agadir to Zagora desert\2-day-agadir-to-zagora-desert-draa-valley-kasbah-village-cover.webp,C:\Users\ASUS\Desktop\Clients\LocalMoroccoTours\LocalMoroccoTours\public\assets\images\programs\Tours from Agadir\2-day Agadir to Zagora desert\2-day-agadir-to-zagora-desert-draa-valley-kasbah-village-cover.webp,2-day-agadir-to-zagora-desert-draa-valley-kasbah-village-cover.webp,1800,1185,520992,d2cbab9435746c270685fa92c73260a5199cdd9b4f024a3740d6d9b5ac58314d,no,,safe-new-file,,planned
Tours from Agadir,2-day Agadir to Zagora desert,gallery,C:\Users\ASUS\Desktop\authentic morocco adventures pictures\webp-production-ready\Tours from Agadir\2-day Agadir to Zagora desert\2-day-agadir-to-zagora-desert-zagora-desert-rock-formations-gallery.webp,Tours from Agadir\2-day Agadir to Zagora desert\2-day-agadir-to-zagora-desert-zagora-desert-rock-formations-gallery.webp,C:\Users\ASUS\Desktop\Clients\LocalMoroccoTours\LocalMoroccoTours\public\assets\images\programs\Tours from Agadir\2-day Agadir to Zagora desert\2-day-agadir-to-zagora-desert-zagora-desert-rock-formations-gallery.webp,2-day-agadir-to-zagora-desert-zagora-desert-rock-formations-gallery.webp,1500,997,256790,6461f4aa8b3ac500f8e9cb4d0037c69417db702feb1560c61785d2d2f4399e5c,no,,safe-new-file,,planned
Tours from Agadir,3-day Agadir to Chigaga desert,gallery,C:\Users\ASUS\Desktop\authentic morocco adventures pictures\webp-production-ready\Tours from Agadir\3-day Agadir to Chigaga desert\3-day-agadir-to-chigaga-desert-erg-chigaga-dunes-desert-camp-gallery.webp,Tours from Agadir\3-day Agadir to Chigaga desert\3-day-agadir-to-chigaga-desert-erg-chigaga-dunes-desert-camp-gallery.webp,C:\Users\ASUS\Desktop\Clients\LocalMoroccoTours\LocalMoroccoTours\public\assets\images\programs\Tours from Agadir\3-day Agadir to Chigaga desert\3-day-agadir-to-chigaga-desert-erg-chigaga-dunes-desert-camp-gallery.webp,3-day-agadir-to-chigaga-desert-erg-chigaga-dunes-desert-camp-gallery.webp,581,344,45840,988d1e785e18c6442161d8c9eacd0b8f0032625e9cbe5e135e90e4932c7563c9,no,,safe-new-file,,planned
Tours from Agadir,3-day Agadir to Chigaga desert,cover,C:\Users\ASUS\Desktop\authentic morocco adventures pictures\webp-production-ready\Tours from Agadir\3-day Agadir to Chigaga desert\3-day-agadir-to-chigaga-desert-sahara-dunes-berber-tea-setting-cover.webp,Tours from Agadir\3-day Agadir to Chigaga desert\3-day-agadir-to-chigaga-desert-sahara-dunes-berber-tea-setting-cover.webp,C:\Users\ASUS\Desktop\Clients\LocalMoroccoTours\LocalMoroccoTours\public\assets\images\programs\Tours from Agadir\3-day Agadir to Chigaga desert\3-day-agadir-to-chigaga-desert-sahara-dunes-berber-tea-setting-cover.webp,3-day-agadir-to-chigaga-desert-sahara-dunes-berber-tea-setting-cover.webp,1024,576,78230,5aae73f7549506eac2bcacdbb2887db6bd488aa2cadbc20ef4a19c979826003d,no,,safe-new-file,,planned
Tours from Agadir,4-day Agadir to Merzouga desert,cover,C:\Users\ASUS\Desktop\authentic morocco adventures pictures\webp-production-ready\Tours from Agadir\4-day Agadir to Merzouga desert\4-day-agadir-to-merzouga-desert-merzouga-dunes-motorbike-ride-cover.webp,Tours from Agadir\4-day Agadir to Merzouga desert\4-day-agadir-to-merzouga-desert-merzouga-dunes-motorbike-ride-cover.webp,C:\Users\ASUS\Desktop\Clients\LocalMoroccoTours\LocalMoroccoTours\public\assets\images\programs\Tours from Agadir\4-day Agadir to Merzouga desert\4-day-agadir-to-merzouga-desert-merzouga-dunes-motorbike-ride-cover.webp,4-day-agadir-to-merzouga-desert-merzouga-dunes-motorbike-ride-cover.webp,1024,576,29858,3326492f152418b3b2f57319c914c6a11380d468048d8b3815a412bd610f4aab,no,,safe-new-file,,planned
Tours from Agadir,4-day Agadir to Merzouga desert,gallery,C:\Users\ASUS\Desktop\authentic morocco adventures pictures\webp-production-ready\Tours from Agadir\4-day Agadir to Merzouga desert\4-day-agadir-to-merzouga-desert-taroudant-city-walls-gate-gallery.webp,Tours from Agadir\4-day Agadir to Merzouga desert\4-day-agadir-to-merzouga-desert-taroudant-city-walls-gate-gallery.webp,C:\Users\ASUS\Desktop\Clients\LocalMoroccoTours\LocalMoroccoTours\public\assets\images\programs\Tours from Agadir\4-day Agadir to Merzouga desert\4-day-agadir-to-merzouga-desert-taroudant-city-walls-gate-gallery.webp,4-day-agadir-to-merzouga-desert-taroudant-city-walls-gate-gallery.webp,676,454,96704,6be1b1170e81b14198cf6312936d121713e2e4d56a8ffae0255aac48d2a676a1,no,,safe-new-file,,planned
Tours from Chefchaouen,5-day Chefchaouen to Sahara desert,cover,C:\Users\ASUS\Desktop\authentic morocco adventures pictures\webp-production-ready\Tours from Chefchaouen\5-day Chefchaouen to Sahara desert\5-day-chefchaouen-to-sahara-desert-chefchaouen-rooftops-rif-mountains-cover.webp,Tours from Chefchaouen\5-day Chefchaouen to Sahara desert\5-day-chefchaouen-to-sahara-desert-chefchaouen-rooftops-rif-mountains-cover.webp,C:\Users\ASUS\Desktop\Clients\LocalMoroccoTours\LocalMoroccoTours\public\assets\images\programs\Tours from Chefchaouen\5-day Chefchaouen to Sahara desert\5-day-chefchaouen-to-sahara-desert-chefchaouen-rooftops-rif-mountains-cover.webp,5-day-chefchaouen-to-sahara-desert-chefchaouen-rooftops-rif-mountains-cover.webp,679,452,81472,2c6a5757d08c59689716a71dc29247ff4f57b9926d55367bc95651cd70492ae6,no,,safe-new-file,,planned
Tours from Chefchaouen,5-day Chefchaouen to Sahara desert,gallery,C:\Users\ASUS\Desktop\authentic morocco adventures pictures\webp-production-ready\Tours from Chefchaouen\5-day Chefchaouen to Sahara desert\5-day-chefchaouen-to-sahara-desert-erg-chebbi-camel-caravan-guides-gallery.webp,Tours from Chefchaouen\5-day Chefchaouen to Sahara desert\5-day-chefchaouen-to-sahara-desert-erg-chebbi-camel-caravan-guides-gallery.webp,C:\Users\ASUS\Desktop\Clients\LocalMoroccoTours\LocalMoroccoTours\public\assets\images\programs\Tours from Chefchaouen\5-day Chefchaouen to Sahara desert\5-day-chefchaouen-to-sahara-desert-erg-chebbi-camel-caravan-guides-gallery.webp,5-day-chefchaouen-to-sahara-desert-erg-chebbi-camel-caravan-guides-gallery.webp,1800,1198,201194,414e90a4f76d249449685656ce9eebbe140e75b7696d62799f0cfdea50da1055,no,,safe-new-file,,planned
Tours from Chefchaouen,6-day Chefchaouen to Marrakech desert,gallery,C:\Users\ASUS\Desktop\authentic morocco adventures pictures\webp-production-ready\Tours from Chefchaouen\6-day Chefchaouen to Marrakech desert\6-day-chefchaouen-to-marrakech-desert-chefchaouen-blue-medina-alley-gallery.webp,Tours from Chefchaouen\6-day Chefchaouen to Marrakech desert\6-day-chefchaouen-to-marrakech-desert-chefchaouen-blue-medina-alley-gallery.webp,C:\Users\ASUS\Desktop\Clients\LocalMoroccoTours\LocalMoroccoTours\public\assets\images\programs\Tours from Chefchaouen\6-day Chefchaouen to Marrakech desert\6-day-chefchaouen-to-marrakech-desert-chefchaouen-blue-medina-alley-gallery.webp,6-day-chefchaouen-to-marrakech-desert-chefchaouen-blue-medina-alley-gallery.webp,678,452,83020,dc27873fd4e587576826d730b4c7ec1c40885c1326af1a6cd509d7685c48d7b9,no,,safe-new-file,,planned
Tours from Chefchaouen,6-day Chefchaouen to Marrakech desert,cover,C:\Users\ASUS\Desktop\authentic morocco adventures pictures\webp-production-ready\Tours from Chefchaouen\6-day Chefchaouen to Marrakech desert\6-day-chefchaouen-to-marrakech-desert-sahara-luxury-desert-camp-dining-cover.webp,Tours from Chefchaouen\6-day Chefchaouen to Marrakech desert\6-day-chefchaouen-to-marrakech-desert-sahara-luxury-desert-camp-dining-cover.webp,C:\Users\ASUS\Desktop\Clients\LocalMoroccoTours\LocalMoroccoTours\public\assets\images\programs\Tours from Chefchaouen\6-day Chefchaouen to Marrakech desert\6-day-chefchaouen-to-marrakech-desert-sahara-luxury-desert-camp-dining-cover.webp,6-day-chefchaouen-to-marrakech-desert-sahara-luxury-desert-camp-dining-cover.webp,1024,683,180760,fa68987dd9e75bc9130583a91811b1ec3a28a85b5f08eabe0a45838c268817b2,no,,safe-new-file,,planned
Tours from Chefchaouen,7-day around Morocco from Chefchaouen,cover,C:\Users\ASUS\Desktop\authentic morocco adventures pictures\webp-production-ready\Tours from Chefchaouen\7-day around Morocco from Chefchaouen\7-day-around-morocco-from-chefchaouen-chefchaouen-blue-city-panorama-cover.webp,Tours from Chefchaouen\7-day around Morocco from Chefchaouen\7-day-around-morocco-from-chefchaouen-chefchaouen-blue-city-panorama-cover.webp,C:\Users\ASUS\Desktop\Clients\LocalMoroccoTours\LocalMoroccoTours\public\assets\images\programs\Tours from Chefchaouen\7-day around Morocco from Chefchaouen\7-day-around-morocco-from-chefchaouen-chefchaouen-blue-city-panorama-cover.webp,7-day-around-morocco-from-chefchaouen-chefchaouen-blue-city-panorama-cover.webp,678,452,100450,70d2a4761d2f6e05d2d49ac7d212cb3a3c53ca4183cc4cfb26c2f60b00332649,no,,safe-new-file,,planned
Tours from Chefchaouen,7-day around Morocco from Chefchaouen,gallery,C:\Users\ASUS\Desktop\authentic morocco adventures pictures\webp-production-ready\Tours from Chefchaouen\7-day around Morocco from Chefchaouen\7-day-around-morocco-from-chefchaouen-volubilis-roman-ruins-gallery.webp,Tours from Chefchaouen\7-day around Morocco from Chefchaouen\7-day-around-morocco-from-chefchaouen-volubilis-roman-ruins-gallery.webp,C:\Users\ASUS\Desktop\Clients\LocalMoroccoTours\LocalMoroccoTours\public\assets\images\programs\Tours from Chefchaouen\7-day around Morocco from Chefchaouen\7-day-around-morocco-from-chefchaouen-volubilis-roman-ruins-gallery.webp,7-day-around-morocco-from-chefchaouen-volubilis-roman-ruins-gallery.webp,738,415,94852,d32ba2369f06ea0d9b16bb0a4a8915082eb894a8b6caf8a3ca5569875aadc0cf,no,,safe-new-file,,planned
Tours from Fes,2-day Fes to Chefchaouen and back,gallery,C:\Users\ASUS\Desktop\authentic morocco adventures pictures\webp-production-ready\Tours from Fes\2-day Fes to Chefchaouen and back\2-day-fes-to-chefchaouen-and-back-chefchaouen-blue-doors-flower-pots-gallery.webp,Tours from Fes\2-day Fes to Chefchaouen and back\2-day-fes-to-chefchaouen-and-back-chefchaouen-blue-doors-flower-pots-gallery.webp,C:\Users\ASUS\Desktop\Clients\LocalMoroccoTours\LocalMoroccoTours\public\assets\images\programs\Tours from Fes\2-day Fes to Chefchaouen and back\2-day-fes-to-chefchaouen-and-back-chefchaouen-blue-doors-flower-pots-gallery.webp,2-day-fes-to-chefchaouen-and-back-chefchaouen-blue-doors-flower-pots-gallery.webp,739,415,109758,68af5bd2eed8b8ab4e63198f9d6a4ac31ecfb9bdc2b3691fb5b0bb2b25ca1a36,no,,safe-new-file,,planned
Tours from Fes,2-day Fes to Chefchaouen and back,cover,C:\Users\ASUS\Desktop\authentic morocco adventures pictures\webp-production-ready\Tours from Fes\2-day Fes to Chefchaouen and back\2-day-fes-to-chefchaouen-and-back-chefchaouen-medina-valley-panorama-cover.webp,Tours from Fes\2-day Fes to Chefchaouen and back\2-day-fes-to-chefchaouen-and-back-chefchaouen-medina-valley-panorama-cover.webp,C:\Users\ASUS\Desktop\Clients\LocalMoroccoTours\LocalMoroccoTours\public\assets\images\programs\Tours from Fes\2-day Fes to Chefchaouen and back\2-day-fes-to-chefchaouen-and-back-chefchaouen-medina-valley-panorama-cover.webp,2-day-fes-to-chefchaouen-and-back-chefchaouen-medina-valley-panorama-cover.webp,858,357,124598,081d34a8fa80f618ccd9972a35f63cfe10bb7d30d1271d9f60034a2f7f86c0c8,no,,safe-new-file,,planned
Tours from Fes,2-day Fes to Merzouga and back,gallery,C:\Users\ASUS\Desktop\authentic morocco adventures pictures\webp-production-ready\Tours from Fes\2-day Fes to Merzouga and back\2-day-fes-to-merzouga-and-back-azrou-cedar-forest-barbary-macaques-gallery.webp,Tours from Fes\2-day Fes to Merzouga and back\2-day-fes-to-merzouga-and-back-azrou-cedar-forest-barbary-macaques-gallery.webp,C:\Users\ASUS\Desktop\Clients\LocalMoroccoTours\LocalMoroccoTours\public\assets\images\programs\Tours from Fes\2-day Fes to Merzouga and back\2-day-fes-to-merzouga-and-back-azrou-cedar-forest-barbary-macaques-gallery.webp,2-day-fes-to-merzouga-and-back-azrou-cedar-forest-barbary-macaques-gallery.webp,800,530,146580,7ca13645ac11d8f1089ec30b4cf649491dde39146c79593a9b1402c42c8719fb,no,,safe-new-file,,planned
Tours from Fes,2-day Fes to Merzouga and back,cover,C:\Users\ASUS\Desktop\authentic morocco adventures pictures\webp-production-ready\Tours from Fes\2-day Fes to Merzouga and back\2-day-fes-to-merzouga-and-back-merzouga-dome-desert-camp-dunes-cover.webp,Tours from Fes\2-day Fes to Merzouga and back\2-day-fes-to-merzouga-and-back-merzouga-dome-desert-camp-dunes-cover.webp,C:\Users\ASUS\Desktop\Clients\LocalMoroccoTours\LocalMoroccoTours\public\assets\images\programs\Tours from Fes\2-day Fes to Merzouga and back\2-day-fes-to-merzouga-and-back-merzouga-dome-desert-camp-dunes-cover.webp,2-day-fes-to-merzouga-and-back-merzouga-dome-desert-camp-dunes-cover.webp,2400,1600,385604,9b74ff8e2abaeac407a74cfaf3de69ee597b6a28b43bd2597df2f9641cff96dc,no,,safe-new-file,,planned
Tours from Fes,3-day Fes to Merzouga desert and back,gallery,C:\Users\ASUS\Desktop\authentic morocco adventures pictures\webp-production-ready\Tours from Fes\3-day Fes to Merzouga desert and back\3-day-fes-to-merzouga-desert-and-back-erg-chebbi-dunes-sunset-gallery.webp,Tours from Fes\3-day Fes to Merzouga desert and back\3-day-fes-to-merzouga-desert-and-back-erg-chebbi-dunes-sunset-gallery.webp,C:\Users\ASUS\Desktop\Clients\LocalMoroccoTours\LocalMoroccoTours\public\assets\images\programs\Tours from Fes\3-day Fes to Merzouga desert and back\3-day-fes-to-merzouga-desert-and-back-erg-chebbi-dunes-sunset-gallery.webp,3-day-fes-to-merzouga-desert-and-back-erg-chebbi-dunes-sunset-gallery.webp,620,360,34306,54553571cc33f24559773e54b37bf90e83c65ea480a4e67455aa87abe009a869,no,,safe-new-file,,planned
Tours from Fes,3-day Fes to Merzouga desert and back,cover,C:\Users\ASUS\Desktop\authentic morocco adventures pictures\webp-production-ready\Tours from Fes\3-day Fes to Merzouga desert and back\3-day-fes-to-merzouga-desert-and-back-merzouga-guided-camel-trek-cover.webp,Tours from Fes\3-day Fes to Merzouga desert and back\3-day-fes-to-merzouga-desert-and-back-merzouga-guided-camel-trek-cover.webp,C:\Users\ASUS\Desktop\Clients\LocalMoroccoTours\LocalMoroccoTours\public\assets\images\programs\Tours from Fes\3-day Fes to Merzouga desert and back\3-day-fes-to-merzouga-desert-and-back-merzouga-guided-camel-trek-cover.webp,3-day-fes-to-merzouga-desert-and-back-merzouga-guided-camel-trek-cover.webp,674,446,47510,99dbb25481cd636cb6f9663784fa2c2202a86276c71c318d390d68cf770dff54,no,,safe-new-file,,planned
Tours from Fes,3-day Fes to Merzouga dunes and Marrakech,gallery,C:\Users\ASUS\Desktop\authentic morocco adventures pictures\webp-production-ready\Tours from Fes\3-day Fes to Merzouga dunes and Marrakech\3-day-fes-to-merzouga-dunes-and-marrakech-koutoubia-mosque-marrakech-gallery.webp,Tours from Fes\3-day Fes to Merzouga dunes and Marrakech\3-day-fes-to-merzouga-dunes-and-marrakech-koutoubia-mosque-marrakech-gallery.webp,C:\Users\ASUS\Desktop\Clients\LocalMoroccoTours\LocalMoroccoTours\public\assets\images\programs\Tours from Fes\3-day Fes to Merzouga dunes and Marrakech\3-day-fes-to-merzouga-dunes-and-marrakech-koutoubia-mosque-marrakech-gallery.webp,3-day-fes-to-merzouga-dunes-and-marrakech-koutoubia-mosque-marrakech-gallery.webp,1500,996,312406,12734df40d63aa33f1b2f44650f52c98b4f22ab323964e62ba5552d6f71c5a1b,no,,safe-new-file,,planned
Tours from Fes,3-day Fes to Merzouga dunes and Marrakech,cover,C:\Users\ASUS\Desktop\authentic morocco adventures pictures\webp-production-ready\Tours from Fes\3-day Fes to Merzouga dunes and Marrakech\3-day-fes-to-merzouga-dunes-and-marrakech-todra-gorge-canyon-carpets-cover.webp,Tours from Fes\3-day Fes to Merzouga dunes and Marrakech\3-day-fes-to-merzouga-dunes-and-marrakech-todra-gorge-canyon-carpets-cover.webp,C:\Users\ASUS\Desktop\Clients\LocalMoroccoTours\LocalMoroccoTours\public\assets\images\programs\Tours from Fes\3-day Fes to Merzouga dunes and Marrakech\3-day-fes-to-merzouga-dunes-and-marrakech-todra-gorge-canyon-carpets-cover.webp,3-day-fes-to-merzouga-dunes-and-marrakech-todra-gorge-canyon-carpets-cover.webp,800,530,84116,507cd042cdb2576d54fd6ec72a96867570b84e863f1308af2a18e34ceb3b026e,no,,safe-new-file,,planned
Tours from Fes,4-day Fes to Sahara and Marrakech,gallery,C:\Users\ASUS\Desktop\authentic morocco adventures pictures\webp-production-ready\Tours from Fes\4-day Fes to Sahara and Marrakech\4-day-fes-to-sahara-and-marrakech-dades-valley-red-hills-fields-gallery.webp,Tours from Fes\4-day Fes to Sahara and Marrakech\4-day-fes-to-sahara-and-marrakech-dades-valley-red-hills-fields-gallery.webp,C:\Users\ASUS\Desktop\Clients\LocalMoroccoTours\LocalMoroccoTours\public\assets\images\programs\Tours from Fes\4-day Fes to Sahara and Marrakech\4-day-fes-to-sahara-and-marrakech-dades-valley-red-hills-fields-gallery.webp,4-day-fes-to-sahara-and-marrakech-dades-valley-red-hills-fields-gallery.webp,2400,1800,1039250,31fa33abf8f00c46fa8349db5adb32c2f33fb223db32345cd09cde5a69cc141b,no,,safe-new-file,,planned
Tours from Fes,4-day Fes to Sahara and Marrakech,cover,C:\Users\ASUS\Desktop\authentic morocco adventures pictures\webp-production-ready\Tours from Fes\4-day Fes to Sahara and Marrakech\4-day-fes-to-sahara-and-marrakech-merzouga-camel-caravan-sunset-cover.webp,Tours from Fes\4-day Fes to Sahara and Marrakech\4-day-fes-to-sahara-and-marrakech-merzouga-camel-caravan-sunset-cover.webp,C:\Users\ASUS\Desktop\Clients\LocalMoroccoTours\LocalMoroccoTours\public\assets\images\programs\Tours from Fes\4-day Fes to Sahara and Marrakech\4-day-fes-to-sahara-and-marrakech-merzouga-camel-caravan-sunset-cover.webp,4-day-fes-to-sahara-and-marrakech-merzouga-camel-caravan-sunset-cover.webp,1200,800,31148,6dfa3613d8edd66ea10a5d3923bb6b492110e19133aefd0a0d06e08d59bbedc9,no,,safe-new-file,,planned
Tours from Fes,5-day Fes to Merzouga and Marrakech,gallery,C:\Users\ASUS\Desktop\authentic morocco adventures pictures\webp-production-ready\Tours from Fes\5-day Fes to Merzouga and Marrakech\5-day-fes-to-merzouga-and-marrakech-ait-benhaddou-kasbah-river-gallery.webp,Tours from Fes\5-day Fes to Merzouga and Marrakech\5-day-fes-to-merzouga-and-marrakech-ait-benhaddou-kasbah-river-gallery.webp,C:\Users\ASUS\Desktop\Clients\LocalMoroccoTours\LocalMoroccoTours\public\assets\images\programs\Tours from Fes\5-day Fes to Merzouga and Marrakech\5-day-fes-to-merzouga-and-marrakech-ait-benhaddou-kasbah-river-gallery.webp,5-day-fes-to-merzouga-and-marrakech-ait-benhaddou-kasbah-river-gallery.webp,1024,576,189294,61497c5d0460797e146bc13c35ee9a316168c9b6f58e6b230efd5edeee187039,no,,safe-new-file,,planned
Tours from Fes,5-day Fes to Merzouga and Marrakech,cover,C:\Users\ASUS\Desktop\authentic morocco adventures pictures\webp-production-ready\Tours from Fes\5-day Fes to Merzouga and Marrakech\5-day-fes-to-merzouga-and-marrakech-erg-chebbi-dune-berber-guide-cover.webp,Tours from Fes\5-day Fes to Merzouga and Marrakech\5-day-fes-to-merzouga-and-marrakech-erg-chebbi-dune-berber-guide-cover.webp,C:\Users\ASUS\Desktop\Clients\LocalMoroccoTours\LocalMoroccoTours\public\assets\images\programs\Tours from Fes\5-day Fes to Merzouga and Marrakech\5-day-fes-to-merzouga-and-marrakech-erg-chebbi-dune-berber-guide-cover.webp,5-day-fes-to-merzouga-and-marrakech-erg-chebbi-dune-berber-guide-cover.webp,1024,683,103024,04c83a6e4515694fdb7c00cb29fb3e1523736b0fbc80d6eaffeb8e0af26696bb,no,,safe-new-file,,planned
Tours from Marrakech,11-day around Morocco from Marrakech,gallery,C:\Users\ASUS\Desktop\authentic morocco adventures pictures\webp-production-ready\Tours from Marrakech\11-day around Morocco from Marrakech\11-day-around-morocco-from-marrakech-chefchaouen-blue-medina-walk-gallery.webp,Tours from Marrakech\11-day around Morocco from Marrakech\11-day-around-morocco-from-marrakech-chefchaouen-blue-medina-walk-gallery.webp,C:\Users\ASUS\Desktop\Clients\LocalMoroccoTours\LocalMoroccoTours\public\assets\images\programs\Tours from Marrakech\11-day around Morocco from Marrakech\11-day-around-morocco-from-marrakech-chefchaouen-blue-medina-walk-gallery.webp,11-day-around-morocco-from-marrakech-chefchaouen-blue-medina-walk-gallery.webp,750,469,124202,a6b703c23559ffb8be5d3def32dc3be89577b5fc9a3cf5f0e6306d2a1d7137d4,no,,safe-new-file,,planned
Tours from Marrakech,11-day around Morocco from Marrakech,cover,C:\Users\ASUS\Desktop\authentic morocco adventures pictures\webp-production-ready\Tours from Marrakech\11-day around Morocco from Marrakech\11-day-around-morocco-from-marrakech-essaouira-beach-camels-surfer-cover.webp,Tours from Marrakech\11-day around Morocco from Marrakech\11-day-around-morocco-from-marrakech-essaouira-beach-camels-surfer-cover.webp,C:\Users\ASUS\Desktop\Clients\LocalMoroccoTours\LocalMoroccoTours\public\assets\images\programs\Tours from Marrakech\11-day around Morocco from Marrakech\11-day-around-morocco-from-marrakech-essaouira-beach-camels-surfer-cover.webp,11-day-around-morocco-from-marrakech-essaouira-beach-camels-surfer-cover.webp,870,580,73740,a6973e4afeeebc7b5c7542735d04d2ebb92e537e110a2fdce8165f3f9ae148f6,no,,safe-new-file,,planned
Tours from Marrakech,2-day Marrakech to Agadir,cover,C:\Users\ASUS\Desktop\authentic morocco adventures pictures\webp-production-ready\Tours from Marrakech\2-day Marrakech to Agadir\2-day-marrakech-to-agadir-agadir-beach-atlantic-bay-cover.webp,Tours from Marrakech\2-day Marrakech to Agadir\2-day-marrakech-to-agadir-agadir-beach-atlantic-bay-cover.webp,C:\Users\ASUS\Desktop\Clients\LocalMoroccoTours\LocalMoroccoTours\public\assets\images\programs\Tours from Marrakech\2-day Marrakech to Agadir\2-day-marrakech-to-agadir-agadir-beach-atlantic-bay-cover.webp,2-day-marrakech-to-agadir-agadir-beach-atlantic-bay-cover.webp,2048,1367,617508,f31160006c34dfdc2145d618bf431d446d942dbaf11bf9626410cf8d53c132ac,no,,safe-new-file,,planned
Tours from Marrakech,2-day Marrakech to Agadir,gallery,C:\Users\ASUS\Desktop\authentic morocco adventures pictures\webp-production-ready\Tours from Marrakech\2-day Marrakech to Agadir\2-day-marrakech-to-agadir-agadir-marina-sunset-gallery.webp,Tours from Marrakech\2-day Marrakech to Agadir\2-day-marrakech-to-agadir-agadir-marina-sunset-gallery.webp,C:\Users\ASUS\Desktop\Clients\LocalMoroccoTours\LocalMoroccoTours\public\assets\images\programs\Tours from Marrakech\2-day Marrakech to Agadir\2-day-marrakech-to-agadir-agadir-marina-sunset-gallery.webp,2-day-marrakech-to-agadir-agadir-marina-sunset-gallery.webp,1200,738,140090,922cbbd3925fdafc471d9b691c8ce81102bdc2114fc25f0f1dcd981be229dfe5,no,,safe-new-file,,planned
Tours from Marrakech,2-day Marrakech to Ait Benhaddou Agadir and Essaouira,cover,C:\Users\ASUS\Desktop\authentic morocco adventures pictures\webp-production-ready\Tours from Marrakech\2-day Marrakech to Ait Benhaddou Agadir and Essaouira\2-day-marrakech-to-ait-benhaddou-agadir-and-essaouira-ait-benhaddou-kasbah-sunset-cover.webp,Tours from Marrakech\2-day Marrakech to Ait Benhaddou Agadir and Essaouira\2-day-marrakech-to-ait-benhaddou-agadir-and-essaouira-ait-benhaddou-kasbah-sunset-cover.webp,C:\Users\ASUS\Desktop\Clients\LocalMoroccoTours\LocalMoroccoTours\public\assets\images\programs\Tours from Marrakech\2-day Marrakech to Ait Benhaddou Agadir and Essaouira\2-day-marrakech-to-ait-benhaddou-agadir-and-essaouira-ait-benhaddou-kasbah-sunset-cover.webp,2-day-marrakech-to-ait-benhaddou-agadir-and-essaouira-ait-benhaddou-kasbah-sunset-cover.webp,669,446,102258,0e3f04f2bd6ddfbfd62f6051ed5b2d7dee0c45ada88d75fe6f0a5b3017d66b68,no,,safe-new-file,,planned
Tours from Marrakech,2-day Marrakech to Ait Benhaddou Agadir and Essaouira,gallery,C:\Users\ASUS\Desktop\authentic morocco adventures pictures\webp-production-ready\Tours from Marrakech\2-day Marrakech to Ait Benhaddou Agadir and Essaouira\2-day-marrakech-to-ait-benhaddou-agadir-and-essaouira-essaouira-fishing-port-blue-boats-gallery.webp,Tours from Marrakech\2-day Marrakech to Ait Benhaddou Agadir and Essaouira\2-day-marrakech-to-ait-benhaddou-agadir-and-essaouira-essaouira-fishing-port-blue-boats-gallery.webp,C:\Users\ASUS\Desktop\Clients\LocalMoroccoTours\LocalMoroccoTours\public\assets\images\programs\Tours from Marrakech\2-day Marrakech to Ait Benhaddou Agadir and Essaouira\2-day-marrakech-to-ait-benhaddou-agadir-and-essaouira-essaouira-fishing-port-blue-boats-gallery.webp,2-day-marrakech-to-ait-benhaddou-agadir-and-essaouira-essaouira-fishing-port-blue-boats-gallery.webp,1200,857,309404,3c2c1473cac560bc6fffa6ebcbb8bb64683c493496fb3fcb5b3ff7fb501e95ae,no,,safe-new-file,,planned
Tours from Marrakech,2-day Marrakech to Ait Benhaddou and Ouarzazate,cover,C:\Users\ASUS\Desktop\authentic morocco adventures pictures\webp-production-ready\Tours from Marrakech\2-day Marrakech to Ait Benhaddou and Ouarzazate\2-day-marrakech-to-ait-benhaddou-and-ouarzazate-ait-benhaddou-kasbah-reflection-cover.webp,Tours from Marrakech\2-day Marrakech to Ait Benhaddou and Ouarzazate\2-day-marrakech-to-ait-benhaddou-and-ouarzazate-ait-benhaddou-kasbah-reflection-cover.webp,C:\Users\ASUS\Desktop\Clients\LocalMoroccoTours\LocalMoroccoTours\public\assets\images\programs\Tours from Marrakech\2-day Marrakech to Ait Benhaddou and Ouarzazate\2-day-marrakech-to-ait-benhaddou-and-ouarzazate-ait-benhaddou-kasbah-reflection-cover.webp,2-day-marrakech-to-ait-benhaddou-and-ouarzazate-ait-benhaddou-kasbah-reflection-cover.webp,783,391,84620,a31dbda6c3ff8de04967a59d82cc67dde1123750f7b9e938829a2d5f86bcd5e4,no,,safe-new-file,,planned
Tours from Marrakech,2-day Marrakech to Ait Benhaddou and Ouarzazate,gallery,C:\Users\ASUS\Desktop\authentic morocco adventures pictures\webp-production-ready\Tours from Marrakech\2-day Marrakech to Ait Benhaddou and Ouarzazate\2-day-marrakech-to-ait-benhaddou-and-ouarzazate-ouarzazate-atlas-film-studios-gallery.webp,Tours from Marrakech\2-day Marrakech to Ait Benhaddou and Ouarzazate\2-day-marrakech-to-ait-benhaddou-and-ouarzazate-ouarzazate-atlas-film-studios-gallery.webp,C:\Users\ASUS\Desktop\Clients\LocalMoroccoTours\LocalMoroccoTours\public\assets\images\programs\Tours from Marrakech\2-day Marrakech to Ait Benhaddou and Ouarzazate\2-day-marrakech-to-ait-benhaddou-and-ouarzazate-ouarzazate-atlas-film-studios-gallery.webp,2-day-marrakech-to-ait-benhaddou-and-ouarzazate-ouarzazate-atlas-film-studios-gallery.webp,1024,683,111216,dc66d071dbc40b6a3f982c368a010f4764cc262161181a11a6266382b32bfab7,no,,safe-new-file,,planned
Tours from Marrakech,2-day Marrakech to Casablanca and Rabat,cover,C:\Users\ASUS\Desktop\authentic morocco adventures pictures\webp-production-ready\Tours from Marrakech\2-day Marrakech to Casablanca and Rabat\2-day-marrakech-to-casablanca-and-rabat-hassan-ii-mosque-casablanca-cover.webp,Tours from Marrakech\2-day Marrakech to Casablanca and Rabat\2-day-marrakech-to-casablanca-and-rabat-hassan-ii-mosque-casablanca-cover.webp,C:\Users\ASUS\Desktop\Clients\LocalMoroccoTours\LocalMoroccoTours\public\assets\images\programs\Tours from Marrakech\2-day Marrakech to Casablanca and Rabat\2-day-marrakech-to-casablanca-and-rabat-hassan-ii-mosque-casablanca-cover.webp,2-day-marrakech-to-casablanca-and-rabat-hassan-ii-mosque-casablanca-cover.webp,1024,683,60506,21210586a24de683cebc1e0c2a5ccb96bff78748e8673e53ee0ee709e98f6e7e,no,,safe-new-file,,planned
Tours from Marrakech,2-day Marrakech to Casablanca and Rabat,gallery,C:\Users\ASUS\Desktop\authentic morocco adventures pictures\webp-production-ready\Tours from Marrakech\2-day Marrakech to Casablanca and Rabat\2-day-marrakech-to-casablanca-and-rabat-rabat-kasbah-oudayas-blue-alley-gallery.webp,Tours from Marrakech\2-day Marrakech to Casablanca and Rabat\2-day-marrakech-to-casablanca-and-rabat-rabat-kasbah-oudayas-blue-alley-gallery.webp,C:\Users\ASUS\Desktop\Clients\LocalMoroccoTours\LocalMoroccoTours\public\assets\images\programs\Tours from Marrakech\2-day Marrakech to Casablanca and Rabat\2-day-marrakech-to-casablanca-and-rabat-rabat-kasbah-oudayas-blue-alley-gallery.webp,2-day-marrakech-to-casablanca-and-rabat-rabat-kasbah-oudayas-blue-alley-gallery.webp,888,500,99154,b80d16498bdc84986583184cb85c311cd837a655388b782e1b7276abb54d5877,no,,safe-new-file,,planned
Tours from Marrakech,2-day Marrakech to Essaouira,cover,C:\Users\ASUS\Desktop\authentic morocco adventures pictures\webp-production-ready\Tours from Marrakech\2-day Marrakech to Essaouira\2-day-marrakech-to-essaouira-essaouira-fishing-boat-seagulls-cover.webp,Tours from Marrakech\2-day Marrakech to Essaouira\2-day-marrakech-to-essaouira-essaouira-fishing-boat-seagulls-cover.webp,C:\Users\ASUS\Desktop\Clients\LocalMoroccoTours\LocalMoroccoTours\public\assets\images\programs\Tours from Marrakech\2-day Marrakech to Essaouira\2-day-marrakech-to-essaouira-essaouira-fishing-boat-seagulls-cover.webp,2-day-marrakech-to-essaouira-essaouira-fishing-boat-seagulls-cover.webp,1080,720,142132,7a0885600102dd4aa86f6794f6ec2364f6bca905e0d90075532aff1653b0edea,no,,safe-new-file,,planned
Tours from Marrakech,2-day Marrakech to Essaouira,gallery,C:\Users\ASUS\Desktop\authentic morocco adventures pictures\webp-production-ready\Tours from Marrakech\2-day Marrakech to Essaouira\2-day-marrakech-to-essaouira-essaouira-medina-ramparts-ocean-gallery.webp,Tours from Marrakech\2-day Marrakech to Essaouira\2-day-marrakech-to-essaouira-essaouira-medina-ramparts-ocean-gallery.webp,C:\Users\ASUS\Desktop\Clients\LocalMoroccoTours\LocalMoroccoTours\public\assets\images\programs\Tours from Marrakech\2-day Marrakech to Essaouira\2-day-marrakech-to-essaouira-essaouira-medina-ramparts-ocean-gallery.webp,2-day-marrakech-to-essaouira-essaouira-medina-ramparts-ocean-gallery.webp,739,415,78074,59c14995afddd835ed69e3dd146caed1f1dac4987f292d17a42b3f586b587b5f,no,,safe-new-file,,planned
Tours from Marrakech,2-day Marrakech to Merzouga desert,cover,C:\Users\ASUS\Desktop\authentic morocco adventures pictures\webp-production-ready\Tours from Marrakech\2-day Marrakech to Merzouga desert\2-day-marrakech-to-merzouga-desert-erg-chebbi-camel-caravan-sunset-cover.webp,Tours from Marrakech\2-day Marrakech to Merzouga desert\2-day-marrakech-to-merzouga-desert-erg-chebbi-camel-caravan-sunset-cover.webp,C:\Users\ASUS\Desktop\Clients\LocalMoroccoTours\LocalMoroccoTours\public\assets\images\programs\Tours from Marrakech\2-day Marrakech to Merzouga desert\2-day-marrakech-to-merzouga-desert-erg-chebbi-camel-caravan-sunset-cover.webp,2-day-marrakech-to-merzouga-desert-erg-chebbi-camel-caravan-sunset-cover.webp,800,530,78100,af5a644d91a5752a9645b8943216b7b03d2503518dd43a78e558387c595d9884,no,,safe-new-file,,planned
Tours from Marrakech,2-day Marrakech to Merzouga desert,gallery,C:\Users\ASUS\Desktop\authentic morocco adventures pictures\webp-production-ready\Tours from Marrakech\2-day Marrakech to Merzouga desert\2-day-marrakech-to-merzouga-desert-merzouga-desert-camp-starry-night-gallery.webp,Tours from Marrakech\2-day Marrakech to Merzouga desert\2-day-marrakech-to-merzouga-desert-merzouga-desert-camp-starry-night-gallery.webp,C:\Users\ASUS\Desktop\Clients\LocalMoroccoTours\LocalMoroccoTours\public\assets\images\programs\Tours from Marrakech\2-day Marrakech to Merzouga desert\2-day-marrakech-to-merzouga-desert-merzouga-desert-camp-starry-night-gallery.webp,2-day-marrakech-to-merzouga-desert-merzouga-desert-camp-starry-night-gallery.webp,1024,682,137358,3f52a17ed217ca46af3162acd4516fa3e9b91db324b6525ba60c901728e2da48,no,,safe-new-file,,planned
Tours from Marrakech,2-day Marrakech to Zagora,gallery,C:\Users\ASUS\Desktop\authentic morocco adventures pictures\webp-production-ready\Tours from Marrakech\2-day Marrakech to Zagora\2-day-marrakech-to-zagora-draa-valley-palm-oasis-gallery.webp,Tours from Marrakech\2-day Marrakech to Zagora\2-day-marrakech-to-zagora-draa-valley-palm-oasis-gallery.webp,C:\Users\ASUS\Desktop\Clients\LocalMoroccoTours\LocalMoroccoTours\public\assets\images\programs\Tours from Marrakech\2-day Marrakech to Zagora\2-day-marrakech-to-zagora-draa-valley-palm-oasis-gallery.webp,2-day-marrakech-to-zagora-draa-valley-palm-oasis-gallery.webp,900,500,122548,fb6e2df034dac8ed821d0a43eec0d1c708f592fa739ab0db00740fc67cbe5bee,no,,safe-new-file,,planned
Tours from Marrakech,2-day Marrakech to Zagora,cover,C:\Users\ASUS\Desktop\authentic morocco adventures pictures\webp-production-ready\Tours from Marrakech\2-day Marrakech to Zagora\2-day-marrakech-to-zagora-zagora-desert-camel-trek-sunset-cover.webp,Tours from Marrakech\2-day Marrakech to Zagora\2-day-marrakech-to-zagora-zagora-desert-camel-trek-sunset-cover.webp,C:\Users\ASUS\Desktop\Clients\LocalMoroccoTours\LocalMoroccoTours\public\assets\images\programs\Tours from Marrakech\2-day Marrakech to Zagora\2-day-marrakech-to-zagora-zagora-desert-camel-trek-sunset-cover.webp,2-day-marrakech-to-zagora-zagora-desert-camel-trek-sunset-cover.webp,720,480,107928,84424b92ff9f6a2414aa44bf14039495bfc729506bfff9df384fc1bb9f4aa536,no,,safe-new-file,,planned
Tours from Marrakech,3-day Marrakech to Chigaga desert,gallery,C:\Users\ASUS\Desktop\authentic morocco adventures pictures\webp-production-ready\Tours from Marrakech\3-day Marrakech to Chigaga desert\3-day-marrakech-to-chigaga-desert-erg-chigaga-4x4-desert-drive-gallery.webp,Tours from Marrakech\3-day Marrakech to Chigaga desert\3-day-marrakech-to-chigaga-desert-erg-chigaga-4x4-desert-drive-gallery.webp,C:\Users\ASUS\Desktop\Clients\LocalMoroccoTours\LocalMoroccoTours\public\assets\images\programs\Tours from Marrakech\3-day Marrakech to Chigaga desert\3-day-marrakech-to-chigaga-desert-erg-chigaga-4x4-desert-drive-gallery.webp,3-day-marrakech-to-chigaga-desert-erg-chigaga-4x4-desert-drive-gallery.webp,1280,720,69176,a73a02f2d97f4b13c9ff23c1d10859b63ea98a3e23c3c2557df231fbbf8e918a,no,,safe-new-file,,planned
Tours from Marrakech,3-day Marrakech to Chigaga desert,cover,C:\Users\ASUS\Desktop\authentic morocco adventures pictures\webp-production-ready\Tours from Marrakech\3-day Marrakech to Chigaga desert\3-day-marrakech-to-chigaga-desert-erg-chigaga-luxury-camp-tents-cover.webp,Tours from Marrakech\3-day Marrakech to Chigaga desert\3-day-marrakech-to-chigaga-desert-erg-chigaga-luxury-camp-tents-cover.webp,C:\Users\ASUS\Desktop\Clients\LocalMoroccoTours\LocalMoroccoTours\public\assets\images\programs\Tours from Marrakech\3-day Marrakech to Chigaga desert\3-day-marrakech-to-chigaga-desert-erg-chigaga-luxury-camp-tents-cover.webp,3-day-marrakech-to-chigaga-desert-erg-chigaga-luxury-camp-tents-cover.webp,900,500,43506,1311a6b87220e482096af96d4b2c0f688f9ac5c895595658d113cb6d559d3a12,no,,safe-new-file,,planned
Tours from Marrakech,3-day Marrakech to Merzouga and Fes,gallery,C:\Users\ASUS\Desktop\authentic morocco adventures pictures\webp-production-ready\Tours from Marrakech\3-day Marrakech to Merzouga and Fes\3-day-marrakech-to-merzouga-and-fes-dades-gorge-winding-road-gallery.webp,Tours from Marrakech\3-day Marrakech to Merzouga and Fes\3-day-marrakech-to-merzouga-and-fes-dades-gorge-winding-road-gallery.webp,C:\Users\ASUS\Desktop\Clients\LocalMoroccoTours\LocalMoroccoTours\public\assets\images\programs\Tours from Marrakech\3-day Marrakech to Merzouga and Fes\3-day-marrakech-to-merzouga-and-fes-dades-gorge-winding-road-gallery.webp,3-day-marrakech-to-merzouga-and-fes-dades-gorge-winding-road-gallery.webp,678,452,110608,3e98d657ff12743b26eabc549fba114629d4b5b6d53706f51c80f484c4b04f2f,no,,safe-new-file,,planned
Tours from Marrakech,3-day Marrakech to Merzouga and Fes,cover,C:\Users\ASUS\Desktop\authentic morocco adventures pictures\webp-production-ready\Tours from Marrakech\3-day Marrakech to Merzouga and Fes\3-day-marrakech-to-merzouga-and-fes-fes-medina-tanneries-aerial-cover.webp,Tours from Marrakech\3-day Marrakech to Merzouga and Fes\3-day-marrakech-to-merzouga-and-fes-fes-medina-tanneries-aerial-cover.webp,C:\Users\ASUS\Desktop\Clients\LocalMoroccoTours\LocalMoroccoTours\public\assets\images\programs\Tours from Marrakech\3-day Marrakech to Merzouga and Fes\3-day-marrakech-to-merzouga-and-fes-fes-medina-tanneries-aerial-cover.webp,3-day-marrakech-to-merzouga-and-fes-fes-medina-tanneries-aerial-cover.webp,1920,1072,577524,eea6ddd49aa02a2ce4672878d5d1fa0d8db7c6ee4e04de11b2e5564e7211ca25,no,,safe-new-file,,planned
Tours from Marrakech,3-day Marrakech to Merzouga desert,cover,C:\Users\ASUS\Desktop\authentic morocco adventures pictures\webp-production-ready\Tours from Marrakech\3-day Marrakech to Merzouga desert\3-day-marrakech-to-merzouga-desert-merzouga-sand-throwing-sunset-cover.webp,Tours from Marrakech\3-day Marrakech to Merzouga desert\3-day-marrakech-to-merzouga-desert-merzouga-sand-throwing-sunset-cover.webp,C:\Users\ASUS\Desktop\Clients\LocalMoroccoTours\LocalMoroccoTours\public\assets\images\programs\Tours from Marrakech\3-day Marrakech to Merzouga desert\3-day-marrakech-to-merzouga-desert-merzouga-sand-throwing-sunset-cover.webp,3-day-marrakech-to-merzouga-desert-merzouga-sand-throwing-sunset-cover.webp,1024,682,43482,bdba0eab2b329f8ce6a70b3053118679fb977311e08c908984699ffa0c1bb09c,no,,safe-new-file,,planned
Tours from Marrakech,3-day Marrakech to Merzouga desert,gallery,C:\Users\ASUS\Desktop\authentic morocco adventures pictures\webp-production-ready\Tours from Marrakech\3-day Marrakech to Merzouga desert\3-day-marrakech-to-merzouga-desert-sahara-camel-ride-vivid-sunset-gallery.webp,Tours from Marrakech\3-day Marrakech to Merzouga desert\3-day-marrakech-to-merzouga-desert-sahara-camel-ride-vivid-sunset-gallery.webp,C:\Users\ASUS\Desktop\Clients\LocalMoroccoTours\LocalMoroccoTours\public\assets\images\programs\Tours from Marrakech\3-day Marrakech to Merzouga desert\3-day-marrakech-to-merzouga-desert-sahara-camel-ride-vivid-sunset-gallery.webp,3-day-marrakech-to-merzouga-desert-sahara-camel-ride-vivid-sunset-gallery.webp,650,500,31878,128206e469c47309267cef50aac960e58015b54f9a93bd00705c62cd6054d255,no,,safe-new-file,,planned
Tours from Marrakech,4-day Marrakech to Chefchaouen via Sahara,cover,C:\Users\ASUS\Desktop\authentic morocco adventures pictures\webp-production-ready\Tours from Marrakech\4-day Marrakech to Chefchaouen via Sahara\4-day-marrakech-to-chefchaouen-via-sahara-chefchaouen-blue-medina-archway-cover.webp,Tours from Marrakech\4-day Marrakech to Chefchaouen via Sahara\4-day-marrakech-to-chefchaouen-via-sahara-chefchaouen-blue-medina-archway-cover.webp,C:\Users\ASUS\Desktop\Clients\LocalMoroccoTours\LocalMoroccoTours\public\assets\images\programs\Tours from Marrakech\4-day Marrakech to Chefchaouen via Sahara\4-day-marrakech-to-chefchaouen-via-sahara-chefchaouen-blue-medina-archway-cover.webp,4-day-marrakech-to-chefchaouen-via-sahara-chefchaouen-blue-medina-archway-cover.webp,1050,700,275630,d646d4658ef901ae2e9fabb04ef16983b4dc4b3a96ccb41e246d45e0127ae50a,no,,safe-new-file,,planned
Tours from Marrakech,4-day Marrakech to Chefchaouen via Sahara,gallery,C:\Users\ASUS\Desktop\authentic morocco adventures pictures\webp-production-ready\Tours from Marrakech\4-day Marrakech to Chefchaouen via Sahara\4-day-marrakech-to-chefchaouen-via-sahara-sahara-dunes-camel-berber-guide-gallery.webp,Tours from Marrakech\4-day Marrakech to Chefchaouen via Sahara\4-day-marrakech-to-chefchaouen-via-sahara-sahara-dunes-camel-berber-guide-gallery.webp,C:\Users\ASUS\Desktop\Clients\LocalMoroccoTours\LocalMoroccoTours\public\assets\images\programs\Tours from Marrakech\4-day Marrakech to Chefchaouen via Sahara\4-day-marrakech-to-chefchaouen-via-sahara-sahara-dunes-camel-berber-guide-gallery.webp,4-day-marrakech-to-chefchaouen-via-sahara-sahara-dunes-camel-berber-guide-gallery.webp,681,450,45426,04db7e65776b851516b56ef8693090c8bc6f2bbe0c770249953b8421588318d3,no,,safe-new-file,,planned
Tours from Marrakech,4-day Marrakech to Merzouga,gallery,C:\Users\ASUS\Desktop\authentic morocco adventures pictures\webp-production-ready\Tours from Marrakech\4-day Marrakech to Merzouga\4-day-marrakech-to-merzouga-ait-benhaddou-kasbah-sunset-gallery.webp,Tours from Marrakech\4-day Marrakech to Merzouga\4-day-marrakech-to-merzouga-ait-benhaddou-kasbah-sunset-gallery.webp,C:\Users\ASUS\Desktop\Clients\LocalMoroccoTours\LocalMoroccoTours\public\assets\images\programs\Tours from Marrakech\4-day Marrakech to Merzouga\4-day-marrakech-to-merzouga-ait-benhaddou-kasbah-sunset-gallery.webp,4-day-marrakech-to-merzouga-ait-benhaddou-kasbah-sunset-gallery.webp,1024,576,129994,474a6f4b2cc7cf5707a5297f1c355c540c04466e8a49b3c3e77ded56a24ebaed,no,,safe-new-file,,planned
Tours from Marrakech,4-day Marrakech to Merzouga,cover,C:\Users\ASUS\Desktop\authentic morocco adventures pictures\webp-production-ready\Tours from Marrakech\4-day Marrakech to Merzouga\4-day-marrakech-to-merzouga-erg-chebbi-camel-trek-tourists-cover.webp,Tours from Marrakech\4-day Marrakech to Merzouga\4-day-marrakech-to-merzouga-erg-chebbi-camel-trek-tourists-cover.webp,C:\Users\ASUS\Desktop\Clients\LocalMoroccoTours\LocalMoroccoTours\public\assets\images\programs\Tours from Marrakech\4-day Marrakech to Merzouga\4-day-marrakech-to-merzouga-erg-chebbi-camel-trek-tourists-cover.webp,4-day-marrakech-to-merzouga-erg-chebbi-camel-trek-tourists-cover.webp,1024,683,96170,5222c0dfc41e65a68bf9018c4893d37e34c895e7b8201a760ce70087f4d66905,no,,safe-new-file,,planned
Tours from Marrakech,5-day Marrakech to Merzouga desert,gallery,C:\Users\ASUS\Desktop\authentic morocco adventures pictures\webp-production-ready\Tours from Marrakech\5-day Marrakech to Merzouga desert\5-day-marrakech-to-merzouga-desert-dades-gorges-sunset-road-gallery.webp,Tours from Marrakech\5-day Marrakech to Merzouga desert\5-day-marrakech-to-merzouga-desert-dades-gorges-sunset-road-gallery.webp,C:\Users\ASUS\Desktop\Clients\LocalMoroccoTours\LocalMoroccoTours\public\assets\images\programs\Tours from Marrakech\5-day Marrakech to Merzouga desert\5-day-marrakech-to-merzouga-desert-dades-gorges-sunset-road-gallery.webp,5-day-marrakech-to-merzouga-desert-dades-gorges-sunset-road-gallery.webp,1024,681,102428,4edba797ed0623954e5d3883fdeb1e58df54b184af2be317d96d04259d3c6098,no,,safe-new-file,,planned
Tours from Marrakech,5-day Marrakech to Merzouga desert,cover,C:\Users\ASUS\Desktop\authentic morocco adventures pictures\webp-production-ready\Tours from Marrakech\5-day Marrakech to Merzouga desert\5-day-marrakech-to-merzouga-desert-merzouga-desert-camp-aerial-cover.webp,Tours from Marrakech\5-day Marrakech to Merzouga desert\5-day-marrakech-to-merzouga-desert-merzouga-desert-camp-aerial-cover.webp,C:\Users\ASUS\Desktop\Clients\LocalMoroccoTours\LocalMoroccoTours\public\assets\images\programs\Tours from Marrakech\5-day Marrakech to Merzouga desert\5-day-marrakech-to-merzouga-desert-merzouga-desert-camp-aerial-cover.webp,5-day-marrakech-to-merzouga-desert-merzouga-desert-camp-aerial-cover.webp,1024,576,139436,15ce25de36bbee7ca8975c51fcdc2ce062264081378ff08f911205a9e12d9708,no,,safe-new-file,,planned
Tours from Marrakech,8-day Marrakech desert Chefchaouen,cover,C:\Users\ASUS\Desktop\authentic morocco adventures pictures\webp-production-ready\Tours from Marrakech\8-day Marrakech desert Chefchaouen\8-day-marrakech-desert-chefchaouen-chefchaouen-blue-city-hillside-cover.webp,Tours from Marrakech\8-day Marrakech desert Chefchaouen\8-day-marrakech-desert-chefchaouen-chefchaouen-blue-city-hillside-cover.webp,C:\Users\ASUS\Desktop\Clients\LocalMoroccoTours\LocalMoroccoTours\public\assets\images\programs\Tours from Marrakech\8-day Marrakech desert Chefchaouen\8-day-marrakech-desert-chefchaouen-chefchaouen-blue-city-hillside-cover.webp,8-day-marrakech-desert-chefchaouen-chefchaouen-blue-city-hillside-cover.webp,900,500,246456,69453d71675fa3230f586fc299cfa6f5846fb8eb227b21fd24ddc9a573811fed,no,,safe-new-file,,planned
Tours from Marrakech,8-day Marrakech desert Chefchaouen,gallery,C:\Users\ASUS\Desktop\authentic morocco adventures pictures\webp-production-ready\Tours from Marrakech\8-day Marrakech desert Chefchaouen\8-day-marrakech-desert-chefchaouen-sahara-camel-caravan-sunset-gallery.webp,Tours from Marrakech\8-day Marrakech desert Chefchaouen\8-day-marrakech-desert-chefchaouen-sahara-camel-caravan-sunset-gallery.webp,C:\Users\ASUS\Desktop\Clients\LocalMoroccoTours\LocalMoroccoTours\public\assets\images\programs\Tours from Marrakech\8-day Marrakech desert Chefchaouen\8-day-marrakech-desert-chefchaouen-sahara-camel-caravan-sunset-gallery.webp,8-day-marrakech-desert-chefchaouen-sahara-camel-caravan-sunset-gallery.webp,1024,576,73792,bf2afadd623a0810c49f460d31268a2dbc6b730bd5d8c070e4b48c1b60639260,no,,safe-new-file,,planned
Tours from Marrakech,8-day Marrakech to Zagora and Merzouga,cover,C:\Users\ASUS\Desktop\authentic morocco adventures pictures\webp-production-ready\Tours from Marrakech\8-day Marrakech to Zagora and Merzouga\8-day-marrakech-to-zagora-and-merzouga-draa-valley-palm-grove-jbel-kissane-cover.webp,Tours from Marrakech\8-day Marrakech to Zagora and Merzouga\8-day-marrakech-to-zagora-and-merzouga-draa-valley-palm-grove-jbel-kissane-cover.webp,C:\Users\ASUS\Desktop\Clients\LocalMoroccoTours\LocalMoroccoTours\public\assets\images\programs\Tours from Marrakech\8-day Marrakech to Zagora and Merzouga\8-day-marrakech-to-zagora-and-merzouga-draa-valley-palm-grove-jbel-kissane-cover.webp,8-day-marrakech-to-zagora-and-merzouga-draa-valley-palm-grove-jbel-kissane-cover.webp,708,433,76558,aab5c21fc38b0d9dc40870c733e0cf716f22e2960d67bc6801befc113383a0e9,no,,safe-new-file,,planned
Tours from Marrakech,8-day Marrakech to Zagora and Merzouga,gallery,C:\Users\ASUS\Desktop\authentic morocco adventures pictures\webp-production-ready\Tours from Marrakech\8-day Marrakech to Zagora and Merzouga\8-day-marrakech-to-zagora-and-merzouga-zagora-desert-camel-ride-shadows-gallery.webp,Tours from Marrakech\8-day Marrakech to Zagora and Merzouga\8-day-marrakech-to-zagora-and-merzouga-zagora-desert-camel-ride-shadows-gallery.webp,C:\Users\ASUS\Desktop\Clients\LocalMoroccoTours\LocalMoroccoTours\public\assets\images\programs\Tours from Marrakech\8-day Marrakech to Zagora and Merzouga\8-day-marrakech-to-zagora-and-merzouga-zagora-desert-camel-ride-shadows-gallery.webp,8-day-marrakech-to-zagora-and-merzouga-zagora-desert-camel-ride-shadows-gallery.webp,783,391,69590,5992bab6f23fdc8317c55c924d216ea4828543e7b49d02cb0f5749e82063b18f,no,,safe-new-file,,planned
Tours from Ouarzazate,2-day Ouarzazate to Merzouga and back,cover,C:\Users\ASUS\Desktop\authentic morocco adventures pictures\webp-production-ready\Tours from Ouarzazate\2-day Ouarzazate to Merzouga and back\2-day-ouarzazate-to-merzouga-and-back-merzouga-luxury-desert-camp-aerial-cover.webp,Tours from Ouarzazate\2-day Ouarzazate to Merzouga and back\2-day-ouarzazate-to-merzouga-and-back-merzouga-luxury-desert-camp-aerial-cover.webp,C:\Users\ASUS\Desktop\Clients\LocalMoroccoTours\LocalMoroccoTours\public\assets\images\programs\Tours from Ouarzazate\2-day Ouarzazate to Merzouga and back\2-day-ouarzazate-to-merzouga-and-back-merzouga-luxury-desert-camp-aerial-cover.webp,2-day-ouarzazate-to-merzouga-and-back-merzouga-luxury-desert-camp-aerial-cover.webp,1024,576,69836,b01b1fd752b3f5d37ecd8cf10a440ad0211c515041905af070d8b86c51f1ee3c,no,,safe-new-file,,planned
Tours from Ouarzazate,2-day Ouarzazate to Merzouga and back,gallery,C:\Users\ASUS\Desktop\authentic morocco adventures pictures\webp-production-ready\Tours from Ouarzazate\2-day Ouarzazate to Merzouga and back\2-day-ouarzazate-to-merzouga-and-back-ouarzazate-taourirt-kasbah-gallery.webp,Tours from Ouarzazate\2-day Ouarzazate to Merzouga and back\2-day-ouarzazate-to-merzouga-and-back-ouarzazate-taourirt-kasbah-gallery.webp,C:\Users\ASUS\Desktop\Clients\LocalMoroccoTours\LocalMoroccoTours\public\assets\images\programs\Tours from Ouarzazate\2-day Ouarzazate to Merzouga and back\2-day-ouarzazate-to-merzouga-and-back-ouarzazate-taourirt-kasbah-gallery.webp,2-day-ouarzazate-to-merzouga-and-back-ouarzazate-taourirt-kasbah-gallery.webp,581,344,46676,5b5f099e2549e76bdc89fdf42c1a58ccd7e1c45008595474a5d8eb7787b42246,no,,safe-new-file,,planned
Tours from Ouarzazate,3-day Ouarzazate to Merzouga and Fes,gallery,C:\Users\ASUS\Desktop\authentic morocco adventures pictures\webp-production-ready\Tours from Ouarzazate\3-day Ouarzazate to Merzouga and Fes\3-day-ouarzazate-to-merzouga-and-fes-merzouga-camel-trek-group-gallery.webp,Tours from Ouarzazate\3-day Ouarzazate to Merzouga and Fes\3-day-ouarzazate-to-merzouga-and-fes-merzouga-camel-trek-group-gallery.webp,C:\Users\ASUS\Desktop\Clients\LocalMoroccoTours\LocalMoroccoTours\public\assets\images\programs\Tours from Ouarzazate\3-day Ouarzazate to Merzouga and Fes\3-day-ouarzazate-to-merzouga-and-fes-merzouga-camel-trek-group-gallery.webp,3-day-ouarzazate-to-merzouga-and-fes-merzouga-camel-trek-group-gallery.webp,669,446,35404,24e3ee127db3033d707aa573e38db1eb79cab06104a0d76300049b82ceb027ae,no,,safe-new-file,,planned
Tours from Ouarzazate,3-day Ouarzazate to Merzouga and Fes,cover,C:\Users\ASUS\Desktop\authentic morocco adventures pictures\webp-production-ready\Tours from Ouarzazate\3-day Ouarzazate to Merzouga and Fes\3-day-ouarzazate-to-merzouga-and-fes-todra-gorge-canyon-walk-cover.webp,Tours from Ouarzazate\3-day Ouarzazate to Merzouga and Fes\3-day-ouarzazate-to-merzouga-and-fes-todra-gorge-canyon-walk-cover.webp,C:\Users\ASUS\Desktop\Clients\LocalMoroccoTours\LocalMoroccoTours\public\assets\images\programs\Tours from Ouarzazate\3-day Ouarzazate to Merzouga and Fes\3-day-ouarzazate-to-merzouga-and-fes-todra-gorge-canyon-walk-cover.webp,3-day-ouarzazate-to-merzouga-and-fes-todra-gorge-canyon-walk-cover.webp,800,530,194692,88f653fa33bb3448cd4cda41aea4b7be40ac3ab93e2d3591e88483e776629db2,no,,safe-new-file,,planned
Tours from Ouarzazate,3-day Ouarzazate to Merzouga desert,gallery,C:\Users\ASUS\Desktop\authentic morocco adventures pictures\webp-production-ready\Tours from Ouarzazate\3-day Ouarzazate to Merzouga desert\3-day-ouarzazate-to-merzouga-desert-ait-benhaddou-kasbah-atlas-dusk-gallery.webp,Tours from Ouarzazate\3-day Ouarzazate to Merzouga desert\3-day-ouarzazate-to-merzouga-desert-ait-benhaddou-kasbah-atlas-dusk-gallery.webp,C:\Users\ASUS\Desktop\Clients\LocalMoroccoTours\LocalMoroccoTours\public\assets\images\programs\Tours from Ouarzazate\3-day Ouarzazate to Merzouga desert\3-day-ouarzazate-to-merzouga-desert-ait-benhaddou-kasbah-atlas-dusk-gallery.webp,3-day-ouarzazate-to-merzouga-desert-ait-benhaddou-kasbah-atlas-dusk-gallery.webp,668,446,30026,679419437dba2a8515ab8aebe0717df1116938198595908df0bd428592d1f955,no,,safe-new-file,,planned
Tours from Ouarzazate,3-day Ouarzazate to Merzouga desert,cover,C:\Users\ASUS\Desktop\authentic morocco adventures pictures\webp-production-ready\Tours from Ouarzazate\3-day Ouarzazate to Merzouga desert\3-day-ouarzazate-to-merzouga-desert-erg-chebbi-dunes-sunrise-cover.webp,Tours from Ouarzazate\3-day Ouarzazate to Merzouga desert\3-day-ouarzazate-to-merzouga-desert-erg-chebbi-dunes-sunrise-cover.webp,C:\Users\ASUS\Desktop\Clients\LocalMoroccoTours\LocalMoroccoTours\public\assets\images\programs\Tours from Ouarzazate\3-day Ouarzazate to Merzouga desert\3-day-ouarzazate-to-merzouga-desert-erg-chebbi-dunes-sunrise-cover.webp,3-day-ouarzazate-to-merzouga-desert-erg-chebbi-dunes-sunrise-cover.webp,1024,682,43660,6557e9b751703e788c8fc01e2fded96a3d6810c5f7d097f70184c88cb5494fff,no,,safe-new-file,,planned
Tours from Tangier,12-day Tangier grand tour,gallery,C:\Users\ASUS\Desktop\authentic morocco adventures pictures\webp-production-ready\Tours from Tangier\12-day Tangier grand tour\12-day-tangier-grand-tour-morocco-highlights-brand-collage-gallery.webp,Tours from Tangier\12-day Tangier grand tour\12-day-tangier-grand-tour-morocco-highlights-brand-collage-gallery.webp,C:\Users\ASUS\Desktop\Clients\LocalMoroccoTours\LocalMoroccoTours\public\assets\images\programs\Tours from Tangier\12-day Tangier grand tour\12-day-tangier-grand-tour-morocco-highlights-brand-collage-gallery.webp,12-day-tangier-grand-tour-morocco-highlights-brand-collage-gallery.webp,1705,922,398980,383762a536c19333ae5d268a4f6ae5b8483150641de338953ed989a9951bcbaf,no,,safe-new-file,,planned
Tours from Tangier,12-day Tangier grand tour,cover,C:\Users\ASUS\Desktop\authentic morocco adventures pictures\webp-production-ready\Tours from Tangier\12-day Tangier grand tour\12-day-tangier-grand-tour-tangier-medina-old-walls-cover.webp,Tours from Tangier\12-day Tangier grand tour\12-day-tangier-grand-tour-tangier-medina-old-walls-cover.webp,C:\Users\ASUS\Desktop\Clients\LocalMoroccoTours\LocalMoroccoTours\public\assets\images\programs\Tours from Tangier\12-day Tangier grand tour\12-day-tangier-grand-tour-tangier-medina-old-walls-cover.webp,12-day-tangier-grand-tour-tangier-medina-old-walls-cover.webp,1366,768,261734,9cd2b5e5c53467314f4f9bd817e393f079cb2ede4dd202a62549069f2388817d,no,,safe-new-file,,planned
Tours from Tangier,2-day Tangier to Chefchaouen,cover,C:\Users\ASUS\Desktop\authentic morocco adventures pictures\webp-production-ready\Tours from Tangier\2-day Tangier to Chefchaouen\2-day-tangier-to-chefchaouen-cape-spartel-lighthouse-tangier-cover.webp,Tours from Tangier\2-day Tangier to Chefchaouen\2-day-tangier-to-chefchaouen-cape-spartel-lighthouse-tangier-cover.webp,C:\Users\ASUS\Desktop\Clients\LocalMoroccoTours\LocalMoroccoTours\public\assets\images\programs\Tours from Tangier\2-day Tangier to Chefchaouen\2-day-tangier-to-chefchaouen-cape-spartel-lighthouse-tangier-cover.webp,2-day-tangier-to-chefchaouen-cape-spartel-lighthouse-tangier-cover.webp,2400,1352,482188,788f3c82b34c37ea3e97dae3ab907e6100bf41a507b5b3be7a3d584accc48a6a,no,,safe-new-file,,planned
Tours from Tangier,2-day Tangier to Chefchaouen,gallery,C:\Users\ASUS\Desktop\authentic morocco adventures pictures\webp-production-ready\Tours from Tangier\2-day Tangier to Chefchaouen\2-day-tangier-to-chefchaouen-chefchaouen-night-panorama-gallery.webp,Tours from Tangier\2-day Tangier to Chefchaouen\2-day-tangier-to-chefchaouen-chefchaouen-night-panorama-gallery.webp,C:\Users\ASUS\Desktop\Clients\LocalMoroccoTours\LocalMoroccoTours\public\assets\images\programs\Tours from Tangier\2-day Tangier to Chefchaouen\2-day-tangier-to-chefchaouen-chefchaouen-night-panorama-gallery.webp,2-day-tangier-to-chefchaouen-chefchaouen-night-panorama-gallery.webp,2400,1600,669818,21bd4db356702eaa7174885bacbb85be1bd8b03810770d89cac52b3924784463,no,,safe-new-file,,planned
Tours from Tangier,3-day North Morocco from Tangier,gallery,C:\Users\ASUS\Desktop\authentic morocco adventures pictures\webp-production-ready\Tours from Tangier\3-day North Morocco from Tangier\3-day-north-morocco-from-tangier-chefchaouen-medina-souvenir-shops-gallery.webp,Tours from Tangier\3-day North Morocco from Tangier\3-day-north-morocco-from-tangier-chefchaouen-medina-souvenir-shops-gallery.webp,C:\Users\ASUS\Desktop\Clients\LocalMoroccoTours\LocalMoroccoTours\public\assets\images\programs\Tours from Tangier\3-day North Morocco from Tangier\3-day-north-morocco-from-tangier-chefchaouen-medina-souvenir-shops-gallery.webp,3-day-north-morocco-from-tangier-chefchaouen-medina-souvenir-shops-gallery.webp,678,452,132236,cefcc1e38a6571b35f84dd9df38613aa07d139caf252f0da7373a68e504d8058,no,,safe-new-file,,planned
Tours from Tangier,3-day North Morocco from Tangier,cover,C:\Users\ASUS\Desktop\authentic morocco adventures pictures\webp-production-ready\Tours from Tangier\3-day North Morocco from Tangier\3-day-north-morocco-from-tangier-tetouan-white-medina-square-cover.webp,Tours from Tangier\3-day North Morocco from Tangier\3-day-north-morocco-from-tangier-tetouan-white-medina-square-cover.webp,C:\Users\ASUS\Desktop\Clients\LocalMoroccoTours\LocalMoroccoTours\public\assets\images\programs\Tours from Tangier\3-day North Morocco from Tangier\3-day-north-morocco-from-tangier-tetouan-white-medina-square-cover.webp,3-day-north-morocco-from-tangier-tetouan-white-medina-square-cover.webp,1000,683,180872,37a2261b4330cfdd77a3e466ef670d7d6dbf27bc57fd4147e98f88b5dad36bde,no,,safe-new-file,,planned
Tours from Tangier,4-day Tangier to Fes and Atlantic coast,cover,C:\Users\ASUS\Desktop\authentic morocco adventures pictures\webp-production-ready\Tours from Tangier\4-day Tangier to Fes and Atlantic coast\4-day-tangier-to-fes-and-atlantic-coast-asilah-medina-atlantic-coast-cover.webp,Tours from Tangier\4-day Tangier to Fes and Atlantic coast\4-day-tangier-to-fes-and-atlantic-coast-asilah-medina-atlantic-coast-cover.webp,C:\Users\ASUS\Desktop\Clients\LocalMoroccoTours\LocalMoroccoTours\public\assets\images\programs\Tours from Tangier\4-day Tangier to Fes and Atlantic coast\4-day-tangier-to-fes-and-atlantic-coast-asilah-medina-atlantic-coast-cover.webp,4-day-tangier-to-fes-and-atlantic-coast-asilah-medina-atlantic-coast-cover.webp,1500,800,236012,18e8ac32fd7d83ab8683305764e5cb947e9ed80c383fd25ac9a55e0fa7bf0131,no,,safe-new-file,,planned
Tours from Tangier,4-day Tangier to Fes and Atlantic coast,gallery,C:\Users\ASUS\Desktop\authentic morocco adventures pictures\webp-production-ready\Tours from Tangier\4-day Tangier to Fes and Atlantic coast\4-day-tangier-to-fes-and-atlantic-coast-fes-chouara-tannery-gallery.webp,Tours from Tangier\4-day Tangier to Fes and Atlantic coast\4-day-tangier-to-fes-and-atlantic-coast-fes-chouara-tannery-gallery.webp,C:\Users\ASUS\Desktop\Clients\LocalMoroccoTours\LocalMoroccoTours\public\assets\images\programs\Tours from Tangier\4-day Tangier to Fes and Atlantic coast\4-day-tangier-to-fes-and-atlantic-coast-fes-chouara-tannery-gallery.webp,4-day-tangier-to-fes-and-atlantic-coast-fes-chouara-tannery-gallery.webp,678,452,110814,ab19e5b98a0aa705bc05549c3c583731f727212993c6f6ab8ce3c46d48619808,no,,safe-new-file,,planned
Tours from Tangier,6-day Tangier to desert,cover,C:\Users\ASUS\Desktop\authentic morocco adventures pictures\webp-production-ready\Tours from Tangier\6-day Tangier to desert\6-day-tangier-to-desert-merzouga-dunes-quad-biking-cover.webp,Tours from Tangier\6-day Tangier to desert\6-day-tangier-to-desert-merzouga-dunes-quad-biking-cover.webp,C:\Users\ASUS\Desktop\Clients\LocalMoroccoTours\LocalMoroccoTours\public\assets\images\programs\Tours from Tangier\6-day Tangier to desert\6-day-tangier-to-desert-merzouga-dunes-quad-biking-cover.webp,6-day-tangier-to-desert-merzouga-dunes-quad-biking-cover.webp,1200,800,56378,391ab0863589eb9ab0d66d5e4e6437828c0bd4b1a42422af97d571dbd04244eb,no,,safe-new-file,,planned
Tours from Tangier,6-day Tangier to desert,gallery,C:\Users\ASUS\Desktop\authentic morocco adventures pictures\webp-production-ready\Tours from Tangier\6-day Tangier to desert\6-day-tangier-to-desert-volubilis-roman-ruins-arch-gallery.webp,Tours from Tangier\6-day Tangier to desert\6-day-tangier-to-desert-volubilis-roman-ruins-arch-gallery.webp,C:\Users\ASUS\Desktop\Clients\LocalMoroccoTours\LocalMoroccoTours\public\assets\images\programs\Tours from Tangier\6-day Tangier to desert\6-day-tangier-to-desert-volubilis-roman-ruins-arch-gallery.webp,6-day-tangier-to-desert-volubilis-roman-ruins-arch-gallery.webp,860,554,190336,c8e6a3992e97540546cc534c2c4727851becff3e5f1e9aca211e51d222cf57b4,no,,safe-new-file,,planned
Tours from Tangier,9-day Tangier to desert,gallery,C:\Users\ASUS\Desktop\authentic morocco adventures pictures\webp-production-ready\Tours from Tangier\9-day Tangier to desert\9-day-tangier-to-desert-merzouga-camel-caravan-berber-guides-gallery.webp,Tours from Tangier\9-day Tangier to desert\9-day-tangier-to-desert-merzouga-camel-caravan-berber-guides-gallery.webp,C:\Users\ASUS\Desktop\Clients\LocalMoroccoTours\LocalMoroccoTours\public\assets\images\programs\Tours from Tangier\9-day Tangier to desert\9-day-tangier-to-desert-merzouga-camel-caravan-berber-guides-gallery.webp,9-day-tangier-to-desert-merzouga-camel-caravan-berber-guides-gallery.webp,1800,1193,304398,10181892d9a6609c44eae49dfe0a47cee540817a01930c4f9716054ef4445612,no,,safe-new-file,,planned
Tours from Tangier,9-day Tangier to desert,cover,C:\Users\ASUS\Desktop\authentic morocco adventures pictures\webp-production-ready\Tours from Tangier\9-day Tangier to desert\9-day-tangier-to-desert-sahara-camel-caravan-dune-shadows-cover.webp,Tours from Tangier\9-day Tangier to desert\9-day-tangier-to-desert-sahara-camel-caravan-dune-shadows-cover.webp,C:\Users\ASUS\Desktop\Clients\LocalMoroccoTours\LocalMoroccoTours\public\assets\images\programs\Tours from Tangier\9-day Tangier to desert\9-day-tangier-to-desert-sahara-camel-caravan-dune-shadows-cover.webp,9-day-tangier-to-desert-sahara-camel-caravan-dune-shadows-cover.webp,1600,900,296844,7b579732b34321ac9d417117aa76a2cdd58b6623ad6b4eb652dd3dadefd8853c,no,,safe-new-file,,planned
