section,program_title,current_slug,matched_source_folder,matched_source_file,matching_reason,confidence,existing_media_count,new_media_count,primary_image_status,gallery_status,seo_metadata_status,legacy_candidates,action
tour,"11-Day Morocco Desert Tour from Marrakech",11-day-morocco-desert-tour-from-marrakech,"assets/images/programs/Tours from Marrakech/11-day around Morocco from Marrakech",11-day-around-morocco-from-marrakech-essaouira-beach-camels-surfer-cover.webp,"normalized-exact: Duration matches: 11 days | Origin matches: Marrakech | Grand loop itinerary (Sahara, Fes, Chefchaouen, Rabat) matches 'around Morocco'",0.92,2,0,attached,attached,complete,,attached
tour,"2-Day Desert Tour from Marrakech to Agadir",2-day-desert-tour-from-marrakech-to-agadir,"assets/images/programs/Tours from Marrakech/2-day Marrakech to Agadir",2-day-marrakech-to-agadir-agadir-beach-atlantic-bay-cover.webp,"normalized-exact: Duration matches: 2 days | Origin matches: Marrakech | Destination matches: Agadir",0.97,2,0,attached,attached,complete,,attached
tour,"2-Day Desert Tour from Marrakech to Agadir & Essaouira",2-day-desert-tour-from-marrakech-to-agadir-essaouira,"assets/images/programs/Tours from Marrakech/2-day Marrakech to Ait Benhaddou Agadir and Essaouira",2-day-marrakech-to-ait-benhaddou-agadir-and-essaouira-ait-benhaddou-kasbah-sunset-cover.webp,"high-confidence: Duration matches: 2 days | Origin matches: Marrakech | Destinations match: Agadir and Essaouira | Only remaining Marrakech 2-day coastal program",0.82,2,0,attached,attached,complete,,attached
tour,"2-Day Desert Tour from Marrakech to Ouarzazate & Aït Benhaddou",2-day-desert-tour-from-marrakech-to-ouarzazate-ait-benhaddou,"assets/images/programs/Tours from Marrakech/2-day Marrakech to Ait Benhaddou and Ouarzazate",2-day-marrakech-to-ait-benhaddou-and-ouarzazate-ait-benhaddou-kasbah-reflection-cover.webp,"normalized-exact: Duration matches: 2 days | Origin matches: Marrakech | Destinations match: Ait Benhaddou and Ouarzazate",0.95,2,0,attached,attached,complete,,attached
tour,"2-Day Marrakech Desert Tour to Casablanca & Rabat",2-day-marrakech-desert-tour-to-casablanca-rabat,"assets/images/programs/Tours from Marrakech/2-day Marrakech to Casablanca and Rabat",2-day-marrakech-to-casablanca-and-rabat-hassan-ii-mosque-casablanca-cover.webp,"normalized-exact: Duration matches: 2 days | Origin matches: Marrakech | Destinations match: Casablanca and Rabat",0.95,2,0,attached,attached,complete,,attached
tour,"2-Day Marrakech Desert Tour to Essaouira",2-day-marrakech-desert-tour-to-essaouira,"assets/images/programs/Tours from Marrakech/2-day Marrakech to Essaouira",2-day-marrakech-to-essaouira-essaouira-fishing-boat-seagulls-cover.webp,"normalized-exact: Duration matches: 2 days | Origin matches: Marrakech | Destination matches: Essaouira",0.95,2,0,attached,attached,complete,,attached
tour,"Merzouga Desert Tour from Marrakech — 2 Days",merzouga-desert-tour-from-marrakech-2-days,"assets/images/programs/Tours from Marrakech/2-day Marrakech to Merzouga desert",2-day-marrakech-to-merzouga-desert-erg-chebbi-camel-caravan-sunset-cover.webp,"normalized-exact: Duration matches: 2 days | Origin matches: Marrakech | Destination matches: Merzouga desert",0.93,2,0,attached,attached,complete,,attached
tour,"2-Day Sahara Desert Tour from Marrakech to Zagora",2-day-sahara-desert-tour-from-marrakech-to-zagora,"assets/images/programs/Tours from Marrakech/2-day Marrakech to Zagora",2-day-marrakech-to-zagora-zagora-desert-camel-trek-sunset-cover.webp,"normalized-exact: Duration matches: 2 days | Origin matches: Marrakech | Destination matches: Zagora",0.95,2,0,attached,attached,complete,,attached
tour,"Sahara Desert Tour from Marrakech — 3 Days to Chigaga",sahara-desert-tour-from-marrakech-3-days-to-chigaga,"assets/images/programs/Tours from Marrakech/3-day Marrakech to Chigaga desert",3-day-marrakech-to-chigaga-desert-erg-chigaga-luxury-camp-tents-cover.webp,"normalized-exact: Duration matches: 3 days | Origin matches: Marrakech | Destination matches: Chigaga (not Merzouga)",0.93,2,0,attached,attached,complete,,attached
tour,"Marrakech Desert Tour 3 Days to Merzouga Dunes",marrakech-desert-tour-3-days-to-merzouga-dunes,"assets/images/programs/Tours from Marrakech/3-day Marrakech to Merzouga desert",3-day-marrakech-to-merzouga-desert-merzouga-sand-throwing-sunset-cover.webp,"normalized-exact: Duration matches: 3 days | Origin matches: Marrakech | Destination matches: Merzouga dunes | Return-loop program distinct from the Fes one-way variant",0.93,2,0,attached,attached,complete,,attached
tour,"Marrakech to Fes Desert Tour — 3 Days via Sahara",marrakech-to-fes-desert-tour-3-days-via-sahara,"assets/images/programs/Tours from Marrakech/3-day Marrakech to Merzouga and Fes",3-day-marrakech-to-merzouga-and-fes-fes-medina-tanneries-aerial-cover.webp,"high-confidence: Duration matches: 3 days | Origin matches: Marrakech | One-way endpoint matches: Fes | Merzouga is the Sahara leg of the Marrakech-Fes crossing",0.88,2,0,attached,attached,complete,,attached
tour,"4 Day Desert Tour from Marrakech to Merzouga",4-day-desert-tour-from-marrakech-to-merzouga,"assets/images/programs/Tours from Marrakech/4-day Marrakech to Merzouga",4-day-marrakech-to-merzouga-erg-chebbi-camel-trek-tourists-cover.webp,"normalized-exact: Duration matches: 4 days | Origin matches: Marrakech | Destination matches: Merzouga",0.97,2,0,attached,attached,complete,,attached
tour,"4-Day Desert Tour from Marrakech via Sahara to Chefchaouen",4-day-desert-tour-from-marrakech-via-sahara-to-chefchaouen,"assets/images/programs/Tours from Marrakech/4-day Marrakech to Chefchaouen via Sahara",4-day-marrakech-to-chefchaouen-via-sahara-chefchaouen-blue-medina-archway-cover.webp,"normalized-exact: Duration matches: 4 days | Origin matches: Marrakech | Endpoint matches: Chefchaouen | Route via Sahara matches",0.97,2,0,attached,attached,complete,,attached
tour,"Luxury Sahara Desert Tour from Marrakech — 5 Days",luxury-sahara-desert-tour-from-marrakech-5-days,"assets/images/programs/Tours from Marrakech/5-day Marrakech to Merzouga desert",5-day-marrakech-to-merzouga-desert-merzouga-desert-camp-aerial-cover.webp,"high-confidence: Duration matches: 5 days | Origin matches: Marrakech | Itinerary verified: Merzouga desert loop (Ait Benhaddou, Dades, Todra, Merzouga) | Only 5-day Marrakech desert program",0.85,2,0,attached,attached,complete,,attached
tour,"8 Days Marrakech: Zagora & Merzouga",8-days-marrakech-zagora-merzouga,"assets/images/programs/Tours from Marrakech/8-day Marrakech to Zagora and Merzouga",8-day-marrakech-to-zagora-and-merzouga-draa-valley-palm-grove-jbel-kissane-cover.webp,"normalized-exact: Duration matches: 8 days | Origin matches: Marrakech | Destinations match: Zagora and Merzouga",0.95,2,0,attached,attached,complete,,attached
tour,"8-Day Marrakech Sahara Desert Tour to Fes & Chefchaouen",8-day-marrakech-sahara-desert-tour-to-fes-chefchaouen,"assets/images/programs/Tours from Marrakech/8-day Marrakech desert Chefchaouen",8-day-marrakech-desert-chefchaouen-chefchaouen-blue-city-hillside-cover.webp,"high-confidence: Duration matches: 8 days | Origin matches: Marrakech | Endpoint matches: Chefchaouen | Distinct from the 8-day Zagora & Merzouga loop",0.88,2,0,attached,attached,complete,,attached
tour,"2 Days Fes to Chefchaouen",2-days-fes-to-chefchaouen,"assets/images/programs/Tours from Fes/2-day Fes to Chefchaouen and back",2-day-fes-to-chefchaouen-and-back-chefchaouen-medina-valley-panorama-cover.webp,"normalized-exact: Duration matches: 2 days | Origin matches: Fes | Destination matches: Chefchaouen | Itinerary verified: Day 2 returns Chefchaouen to Fes",0.92,2,0,attached,attached,complete,,attached
tour,"2 Days Fes to Sahara Desert & Back",2-days-fes-to-sahara-desert-back,"assets/images/programs/Tours from Fes/2-day Fes to Merzouga and back",2-day-fes-to-merzouga-and-back-merzouga-dome-desert-camp-dunes-cover.webp,"high-confidence: Duration matches: 2 days | Origin matches: Fes | Return route matches: '& Back' | Merzouga is the Sahara destination for Fes desert tours; only 2-day Fes desert program",0.88,2,0,attached,attached,complete,,attached
tour,"3 Days Fes to Merzouga Desert",3-days-fes-to-merzouga-desert,"assets/images/programs/Tours from Fes/3-day Fes to Merzouga desert and back",3-day-fes-to-merzouga-desert-and-back-merzouga-guided-camel-trek-cover.webp,"normalized-exact: Duration matches: 3 days | Origin matches: Fes | Destination matches: Merzouga | Itinerary verified: Day 3 returns Merzouga to Fes",0.92,2,0,attached,attached,complete,,attached
tour,"3-Day Fes to Marrakech Desert Tour via Sahara",3-day-fes-to-marrakech-desert-tour-via-sahara,"assets/images/programs/Tours from Fes/3-day Fes to Merzouga dunes and Marrakech",3-day-fes-to-merzouga-dunes-and-marrakech-todra-gorge-canyon-carpets-cover.webp,"high-confidence: Duration matches: 3 days | Origin matches: Fes | One-way endpoint matches: Marrakech | Sahara/Merzouga dunes leg matches 'via Sahara'",0.89,2,0,attached,attached,complete,,attached
tour,"4-Day Fes to Marrakech Desert Tour via Merzouga",4-day-fes-to-marrakech-desert-tour-via-merzouga,"assets/images/programs/Tours from Fes/4-day Fes to Sahara and Marrakech",4-day-fes-to-sahara-and-marrakech-merzouga-camel-caravan-sunset-cover.webp,"high-confidence: Duration matches: 4 days | Origin matches: Fes | One-way endpoint matches: Marrakech | Sahara leg matches 'via Merzouga'",0.89,2,0,attached,attached,complete,,attached
tour,"5-Day Fes to Marrakech Desert Tour via Sahara",5-day-fes-to-marrakech-desert-tour-via-sahara,"assets/images/programs/Tours from Fes/5-day Fes to Merzouga and Marrakech",5-day-fes-to-merzouga-and-marrakech-erg-chebbi-dune-berber-guide-cover.webp,"high-confidence: Duration matches: 5 days | Origin matches: Fes | One-way endpoint matches: Marrakech | Merzouga leg matches 'via Sahara'",0.89,2,0,attached,attached,complete,,attached
tour,"12-Day Morocco Desert Tours from Tangier",12-day-morocco-desert-tours-from-tangier,"assets/images/programs/Tours from Tangier/12-day Tangier grand tour",12-day-tangier-grand-tour-tangier-medina-old-walls-cover.webp,"normalized-exact: Duration matches: 12 days | Origin matches: Tangier | Only 12-day Tangier program; grand-tour scope matches",0.9,2,0,attached,attached,complete,,attached
tour,"2-Day Morocco Desert Tour from Tangier to Chefchaouen",2-day-morocco-desert-tour-from-tangier-to-chefchaouen,"assets/images/programs/Tours from Tangier/2-day Tangier to Chefchaouen",2-day-tangier-to-chefchaouen-cape-spartel-lighthouse-tangier-cover.webp,"normalized-exact: Duration matches: 2 days | Origin matches: Tangier | Destination matches: Chefchaouen",0.97,2,0,attached,attached,complete,,attached
tour,"3-Day Morocco Desert Tour from Tangier to Chefchaouen & Fes",3-day-morocco-desert-tour-from-tangier-to-chefchaouen-fes,"assets/images/programs/Tours from Tangier/3-day North Morocco from Tangier",3-day-north-morocco-from-tangier-tetouan-white-medina-square-cover.webp,"high-confidence: Duration matches: 3 days | Origin matches: Tangier | Itinerary is a northern-Morocco loop (Chefchaouen, Fes, Meknes, Rabat, Asilah) matching 'North Morocco' | Only 3-day Tangier program",0.82,2,0,attached,attached,complete,,attached
tour,"4-Day Morocco Desert Tour from Tangier to Fes via Atlantic Coast",4-day-morocco-desert-tour-from-tangier-to-fes-via-atlantic-coast,"assets/images/programs/Tours from Tangier/4-day Tangier to Fes and Atlantic coast",4-day-tangier-to-fes-and-atlantic-coast-asilah-medina-atlantic-coast-cover.webp,"normalized-exact: Duration matches: 4 days | Origin matches: Tangier | Endpoint matches: Fes | Route matches: Atlantic coast",0.95,2,0,attached,attached,complete,,attached
tour,"6-Day Morocco Desert Tour from Tangier to Sahara & Marrakech",6-day-morocco-desert-tour-from-tangier-to-sahara-marrakech,"assets/images/programs/Tours from Tangier/6-day Tangier to desert",6-day-tangier-to-desert-merzouga-dunes-quad-biking-cover.webp,"high-confidence: Duration matches: 6 days | Origin matches: Tangier | Itinerary verified: Merzouga desert on Days 4-5 | Only 6-day Tangier program",0.88,2,0,attached,attached,complete,,attached
tour,"9-Day Morocco Desert Tour from Tangier to Merzouga",9-day-morocco-desert-tour-from-tangier-to-merzouga,"assets/images/programs/Tours from Tangier/9-day Tangier to desert",9-day-tangier-to-desert-sahara-camel-caravan-dune-shadows-cover.webp,"high-confidence: Duration matches: 9 days | Origin matches: Tangier | Itinerary verified: Merzouga desert with camel trek | Only 9-day Tangier program",0.88,2,0,attached,attached,complete,,attached
tour,"2 Days Agadir to Zagora Desert",2-days-agadir-to-zagora-desert,"assets/images/programs/Tours from Agadir/2-day Agadir to Zagora desert",2-day-agadir-to-zagora-desert-draa-valley-kasbah-village-cover.webp,"normalized-exact: Duration matches: 2 days | Origin matches: Agadir | Destination matches: Zagora desert",0.98,2,0,attached,attached,complete,,attached
tour,"3 Days Agadir to Chigaga Desert",3-days-agadir-to-chigaga-desert,"assets/images/programs/Tours from Agadir/3-day Agadir to Chigaga desert",3-day-agadir-to-chigaga-desert-sahara-dunes-berber-tea-setting-cover.webp,"normalized-exact: Duration matches: 3 days | Origin matches: Agadir | Destination matches: Chigaga desert",0.98,2,0,attached,attached,complete,,attached
tour,"4 Days Agadir to Merzouga Desert",4-days-agadir-to-merzouga-desert,"assets/images/programs/Tours from Agadir/4-day Agadir to Merzouga desert",4-day-agadir-to-merzouga-desert-merzouga-dunes-motorbike-ride-cover.webp,"normalized-exact: Duration matches: 4 days | Origin matches: Agadir | Destination matches: Merzouga desert",0.98,2,0,attached,attached,complete,,attached
tour,"5-Day Morocco Desert Tour from Chefchaouen to Sahara",5-day-morocco-desert-tour-from-chefchaouen-to-sahara,"assets/images/programs/Tours from Chefchaouen/5-day Chefchaouen to Sahara desert",5-day-chefchaouen-to-sahara-desert-chefchaouen-rooftops-rif-mountains-cover.webp,"normalized-exact: Duration matches: 5 days | Origin matches: Chefchaouen | Destination matches: Sahara",0.95,2,0,attached,attached,complete,,attached
tour,"6-Day Morocco Desert Tour from Chefchaouen to Marrakech",6-day-morocco-desert-tour-from-chefchaouen-to-marrakech,"assets/images/programs/Tours from Chefchaouen/6-day Chefchaouen to Marrakech desert",6-day-chefchaouen-to-marrakech-desert-sahara-luxury-desert-camp-dining-cover.webp,"normalized-exact: Duration matches: 6 days | Origin matches: Chefchaouen | Endpoint matches: Marrakech",0.95,2,0,attached,attached,complete,,attached
tour,"7-Day Morocco Desert Tour from Chefchaouen Around Morocco",7-day-morocco-desert-tour-from-chefchaouen-around-morocco,"assets/images/programs/Tours from Chefchaouen/7-day around Morocco from Chefchaouen",7-day-around-morocco-from-chefchaouen-chefchaouen-blue-city-panorama-cover.webp,"normalized-exact: Duration matches: 7 days | Origin matches: Chefchaouen | 'Around Morocco' matches",0.95,2,0,attached,attached,complete,,attached
tour,"2 Days Ouarzazate to Merzouga",2-days-ouarzazate-to-merzouga,"assets/images/programs/Tours from Ouarzazate/2-day Ouarzazate to Merzouga and back",2-day-ouarzazate-to-merzouga-and-back-merzouga-luxury-desert-camp-aerial-cover.webp,"normalized-exact: Duration matches: 2 days | Origin matches: Ouarzazate | Destination matches: Merzouga | Itinerary verified: Day 2 returns to Ouarzazate",0.92,2,0,attached,attached,complete,,attached
tour,"3 Days Ouarzazate: Merzouga & Fes",3-days-ouarzazate-merzouga-fes,"assets/images/programs/Tours from Ouarzazate/3-day Ouarzazate to Merzouga and Fes",3-day-ouarzazate-to-merzouga-and-fes-todra-gorge-canyon-walk-cover.webp,"normalized-exact: Duration matches: 3 days | Origin matches: Ouarzazate | Destinations match: Merzouga and Fes",0.95,2,0,attached,attached,complete,,attached
tour,"3 Days Ouarzazate to Merzouga Desert",3-days-ouarzazate-to-merzouga-desert,"assets/images/programs/Tours from Ouarzazate/3-day Ouarzazate to Merzouga desert",3-day-ouarzazate-to-merzouga-desert-erg-chebbi-dunes-sunrise-cover.webp,"normalized-exact: Duration matches: 3 days | Origin matches: Ouarzazate | Destination matches: Merzouga desert",0.98,2,0,attached,attached,complete,,attached
tour,"11 Days Grand Morocco Tour",11-days-grand-morocco-tour,"assets/images/programs/Desert Tours from Casablanca/11-day grand tour from Casablanca",11-day-grand-tour-from-casablanca-hassan-ii-mosque-casablanca-cover.webp,"normalized-exact: Duration matches: 11 days | Category matches: Tours from Casablanca | 'Grand tour' wording matches",0.92,2,0,attached,attached,complete,,attached
tour,"14 Days Grand Morocco Tour",14-days-grand-morocco-tour,"assets/images/programs/Desert Tours from Casablanca/14-day grand Morocco tour from Casablanca",14-day-grand-morocco-tour-from-casablanca-chefchaouen-blue-city-sunset-cover.webp,"normalized-exact: Duration matches: 14 days | Category matches: Tours from Casablanca | 'Grand Morocco tour' matches",0.95,2,0,attached,attached,complete,,attached
tour,"2 Days Casablanca to Marrakech",2-days-casablanca-to-marrakech,"assets/images/programs/Desert Tours from Casablanca/2-day Casablanca to Marrakech",2-day-casablanca-to-marrakech-koutoubia-mosque-marrakech-cover.webp,"normalized-exact: Duration matches: 2 days | Origin matches: Casablanca | Destination matches: Marrakech",0.98,2,0,attached,attached,complete,,attached
tour,"3 Days Casablanca: Chefchaouen & Fes",3-days-casablanca-chefchaouen-fes,"assets/images/programs/Desert Tours from Casablanca/3-day Casablanca to Chefchaouen and Fes",3-day-casablanca-to-chefchaouen-and-fes-chefchaouen-blue-medina-street-cover.webp,"normalized-exact: Duration matches: 3 days | Origin matches: Casablanca | Destinations match: Chefchaouen and Fes",0.95,2,0,attached,attached,complete,,attached
tour,"3 Days Casablanca: Marrakech & Essaouira",3-days-casablanca-marrakech-essaouira,"assets/images/programs/Desert Tours from Casablanca/3-day Casablanca to Marrakech and Essaouira",3-day-casablanca-to-marrakech-and-essaouira-essaouira-skala-ramparts-ocean-cover.webp,"normalized-exact: Duration matches: 3 days | Origin matches: Casablanca | Destinations match: Marrakech and Essaouira",0.95,2,0,attached,attached,complete,,attached
tour,"5 Days Casablanca Sahara Desert",5-days-casablanca-sahara-desert,"assets/images/programs/Desert Tours from Casablanca/5-day Casablanca to Sahara desert",5-day-casablanca-to-sahara-desert-erg-chebbi-camel-caravan-sunset-cover.webp,"normalized-exact: Duration matches: 5 days | Origin matches: Casablanca | Destination matches: Sahara desert",0.95,2,0,attached,attached,complete,,attached
tour,"7 Days Sahara & Imperial Cities",7-days-sahara-imperial-cities,"assets/images/programs/Desert Tours from Casablanca/7-day Casablanca to imperial cities and Sahara",7-day-casablanca-to-imperial-cities-and-sahara-bab-mansour-gate-meknes-cover.webp,"high-confidence: Duration matches: 7 days | Category matches: Tours from Casablanca | Terms match: Sahara + imperial cities | Itinerary starts in Casablanca",0.88,2,0,attached,attached,complete,,attached
tour,"9 Days Private Tour from Casablanca",9-days-private-tour-from-casablanca,"assets/images/programs/Desert Tours from Casablanca/9-day private tour from Casablanca",9-day-private-tour-from-casablanca-todra-gorge-canyon-road-cover.webp,"normalized-exact: Duration matches: 9 days | Origin matches: Casablanca | 'Private tour' matches",0.98,2,0,attached,attached,complete,,attached
tour,"2 Days Casablanca to Chefchaouen",2-days-casablanca-to-chefchaouen,"assets/images/programs/Desert Tours from Casablanca/2-day Casablanca to Chefchaouen",2-day-casablanca-to-chefchaouen-chefchaouen-blue-medina-stairs-cover.webp,"normalized-exact: Duration matches: 2 days | Origin matches: Casablanca | Destination matches: Chefchaouen",0.98,2,0,attached,attached,complete,,attached
tour,"4 Days Atlas & Zagora Desert Tour",4-days-atlas-zagora-desert-tour,,,"no prepared source in public/assets/images/programs",0,0,0,"no source","no source",n/a,"2-day-tour-agadir-to-zagora-desert-primary.webp | 2-day-tour-marrakech-to-zagora-desert-primary.webp | 4-day-atlas-desert-zagora-merzouga-secondary.webp | 4-day-atlas-zagora-combined-tour-primary.webp","manual review (legacy candidates need preparation)"
tour,"5 Days Toubkal & Merzouga Tour",5-days-toubkal-merzouga-tour,,,"no prepared source in public/assets/images/programs",0,0,0,"no source","no source",n/a,"5-day-fes-merzouga-marrakech-sahara-secondary.webp | 5-day-marrakech-merzouga-sahara-secondary.webp | 5-day-toubkal-desert-trip-secondary.webp | 5-day-toubkal-merzouga-combined-tour-primary.webp","manual review (legacy candidates need preparation)"
tour,"Marrakech to Essaouira Day Trip",marrakech-to-essaouira-day-trip,,,"no prepared source in public/assets/images/programs",0,0,0,"no source","no source",n/a,,"no source found anywhere"
tour,"Agafay Desert Tour from Marrakech",agafay-desert-tour-from-marrakech,,,"no prepared source in public/assets/images/programs",0,0,0,"no source","no source",n/a,agafay-luxury-desert-camp-marrakech-primary.webp,"manual review (legacy candidates need preparation)"
tour,"Marrakech to Ait Benhaddou Day Trip",marrakech-to-ait-benhaddou-day-trip,,,"no prepared source in public/assets/images/programs",0,0,0,"no source","no source",n/a,"14-day-morocco-tour-ait-benhaddou-secondary.webp | ait-benhaddou-day-trip-from-marrakech.webp","manual review (legacy candidates need preparation)"
tour,"Marrakech to Ourika Valley Day Trip",marrakech-to-ourika-valley-day-trip,,,"no prepared source in public/assets/images/programs",0,0,0,"no source","no source",n/a,ourika-valley-day-trip-from-marrakech.webp,"manual review (legacy candidates need preparation)"
tour,"Marrakech to Ouzoud Waterfalls Day Trip",marrakech-to-ouzoud-waterfalls-day-trip,,,"no prepared source in public/assets/images/programs",0,0,0,"no source","no source",n/a,ouzoud-waterfalls-day-trip-from-marrakech.webp,"manual review (legacy candidates need preparation)"
tour,"Fes to Atlas Mountains Day Trip",fes-to-atlas-mountains-day-trip,,,"no prepared source in public/assets/images/programs",0,0,0,"no source","no source",n/a,"atlas-mountains-day-trip-from-fes-primary.webp | atlas-mountains-toubkal-morocco.webp | middle-atlas-ifrane-day-trip-fes-secondary.webp","manual review (legacy candidates need preparation)"
tour,"Fes to Chefchaouen Day Trip",fes-to-chefchaouen-day-trip,,,"no prepared source in public/assets/images/programs",0,0,0,"no source","no source",n/a,"2-day-fes-chefchaouen-blue-city-secondary.webp | 2-day-tour-fes-to-chefchaouen-primary.webp | 3-day-casablanca-chefchaouen-fes-tour-primary.webp | 3-day-casablanca-fes-chefchaouen-secondary.webp","manual review (legacy candidates need preparation)"
tour,"Meknes & Volubilis Day Trip from Fes",meknes-volubilis-day-trip-from-fes,,,"no prepared source in public/assets/images/programs",0,0,0,"no source","no source",n/a,"meknes-volubilis-day-trip-from-fes-primary.webp | volubilis-roman-ruins-fes-day-trip-secondary.webp","manual review (legacy candidates need preparation)"
tour,"Rabat Day Trip from Fes",rabat-day-trip-from-fes,,,"no prepared source in public/assets/images/programs",0,0,0,"no source","no source",n/a,"rabat-capital-from-fes-secondary.webp | rabat-day-trip-from-fes-primary.webp","manual review (legacy candidates need preparation)"
tour,"Guided Medina Tour in Fes",guided-medina-tour-in-fes,,,"no prepared source in public/assets/images/programs",0,0,0,"no source","no source",n/a,"fes-imperial-city-medina.webp | fes-medina-excursion-souks-secondary.webp | fes-medina-guided-walking-tour-primary.webp","manual review (legacy candidates need preparation)"
tour,"Casablanca to Fes Day Trip",casablanca-to-fes-day-trip,,,"no prepared source in public/assets/images/programs",0,0,0,"no source","no source",n/a,"3-day-casablanca-chefchaouen-fes-tour-primary.webp | 3-day-casablanca-fes-chefchaouen-secondary.webp | fes-day-trip-from-casablanca-primary.webp | fes-imperial-from-casablanca-secondary.webp","manual review (legacy candidates need preparation)"
tour,"Casablanca to Marrakech Day Trip",casablanca-to-marrakech-day-trip,,,"no prepared source in public/assets/images/programs",0,0,0,"no source","no source",n/a,,"no source found anywhere"
tour,"Casablanca to Rabat Day Trip",casablanca-to-rabat-day-trip,,,"no prepared source in public/assets/images/programs",0,0,0,"no source","no source",n/a,"2-day-marrakech-casablanca-rabat-secondary.webp | 2-day-marrakech-casablanca-rabat-tour-primary.webp | rabat-capital-from-casablanca-secondary.webp | rabat-day-trip-from-casablanca-primary.webp","manual review (legacy candidates need preparation)"
tour,"15-Day Spain & Morocco Private Tour",15-day-spain-morocco-private-tour,,,"no prepared source in public/assets/images/programs",0,0,0,"no source","no source",n/a,"15-day-spain-morocco-private-tour-primary.webp | 15-day-spain-morocco-private-tour-secondary.webp | 15-day-spain-morocco-tour-marrakech-tertiary.webp","manual review (legacy candidates need preparation)"
activity,"Marrakech Horse Riding Tour",marrakech-horse-riding-tour,"assets/images/programs/Marrakech Activities/2-Hour Horse Riding from Marrakech",2-hour-horse-riding-from-marrakech-horse-riding-marrakech-atlas-trail-cover.webp,"normalized-exact: Activity type matches: horse riding | Location matches: Marrakech | Duration matches: 2 hours | Only horse-riding activity",0.9,2,0,attached,attached,complete,,attached
activity,"Agafay Desert Tour from Marrakech — Luxury Camp",agafay-desert-tour-from-marrakech-luxury-camp,"assets/images/programs/Marrakech Activities/Agafay Luxury Desert Camp with Dinner",agafay-luxury-desert-camp-with-dinner-agafay-desert-luxury-camp-tents-cover.webp,"normalized-exact: Agafay desert matches | Luxury camp matches | Only Agafay activity",0.92,2,0,attached,attached,complete,,attached
activity,"Marrakech Camel Ride — Palmeraie",marrakech-camel-ride-palmeraie,"assets/images/programs/Marrakech Activities/Camel Ride Marrakech Palmeries",camel-ride-marrakech-palmeries-camel-ride-marrakech-palm-grove-cover.webp,"normalized-exact: Camel ride matches | Palmeraie/Palmeries matches | Location matches: Marrakech",0.95,2,0,attached,attached,complete,,attached
activity,"Chez Ali Fantasia Show",chez-ali-fantasia-show,"assets/images/programs/Marrakech Activities/Chez Ali Fantasia Show",chez-ali-fantasia-show-chez-ali-fantasia-horse-riders-cover.webp,"exact: Title identical to folder name",1,2,0,attached,attached,complete,,attached
activity,"Marrakech Hot Air Balloon",marrakech-hot-air-balloon,"assets/images/programs/Marrakech Activities/Hot Air Balloon over Marrakech",hot-air-balloon-over-marrakech-hot-air-balloon-marrakech-sunrise-cover.webp,"normalized-exact: Hot air balloon matches | Location matches: Marrakech",0.95,2,0,attached,attached,complete,,attached
activity,"Marrakech Cooking Class",marrakech-cooking-class,"assets/images/programs/Marrakech Activities/Marrakech Cooking Class",marrakech-cooking-class-marrakech-cooking-class-tagine-cover.webp,"exact: Title identical to folder name",1,2,0,attached,attached,complete,,attached
activity,"Marrakech Food Tour — Medina Street Food",marrakech-food-tour-medina-street-food,"assets/images/programs/Marrakech Activities/Marrakech Gastronomic Food Tour",marrakech-gastronomic-food-tour-marrakech-street-food-tour-medina-cover.webp,"high-confidence: Food tour matches | Location matches: Marrakech | Images show medina street food and market stalls | Only food-tour activity",0.88,2,0,attached,attached,complete,,attached
activity,"Marrakech Hammam & Moroccan Massage",marrakech-hammam-moroccan-massage,"assets/images/programs/Marrakech Activities/Marrakech Hammam and Massage",marrakech-hammam-and-massage-marrakech-traditional-hammam-spa-cover.webp,"normalized-exact: Hammam and massage matches | Location matches: Marrakech",0.97,2,0,attached,attached,complete,,attached
activity,"Marrakech Jewish Heritage Tour — Full Day",marrakech-jewish-heritage-tour-full-day,"assets/images/programs/Marrakech Activities/Marrakech Jewish Heritage Full-Day Tour",marrakech-jewish-heritage-full-day-tour-marrakech-mellah-jewish-quarter-cover.webp,"normalized-exact: Jewish heritage matches | Full-day duration matches | Location matches: Marrakech",0.97,2,0,attached,attached,complete,,attached
activity,"Marrakech Medina Tour — Half-Day",marrakech-medina-tour-half-day,"assets/images/programs/Marrakech Activities/Marrakech Medina Half-Day Tour",marrakech-medina-half-day-tour-marrakech-medina-souk-alleys-cover.webp,"normalized-exact: Medina tour matches | Half-day duration matches | Location matches: Marrakech",0.97,2,0,attached,attached,complete,,attached
activity,"Marrakech Quad Biking & Buggy Ride",marrakech-quad-biking-buggy-ride,"assets/images/programs/Marrakech Activities/Quad Ride Marrakech Buggy Experience",quad-ride-marrakech-buggy-experience-quad-biking-marrakech-palmeraie-cover.webp,"normalized-exact: Quad and buggy match | Location matches: Marrakech | Palmeraie setting matches",0.92,2,0,attached,attached,complete,,attached
activity,"Marrakech Gardens Tour — Majorelle & Menara",marrakech-gardens-tour-majorelle-menara,"assets/images/programs/Marrakech Activities/Menara and Majorelle Gardens Day Trip",menara-and-majorelle-gardens-day-trip-majorelle-garden-marrakech-blue-villa-cover.webp,"high-confidence: Majorelle and Menara gardens match | Location matches: Marrakech | Only gardens activity",0.88,2,0,attached,attached,complete,,attached
trekking,"2 Days Toubkal Trekking",2-days-toubkal-trekking,"assets/images/programs/Atlas Trekkings/2-day Toubkal trekking",2-day-toubkal-trekking-toubkal-summit-snow-trekkers-cover.webp,"normalized-exact: Duration matches: 2 days | Trekking section matches Atlas Trekking category | Title identical after normalization",0.97,2,0,attached,attached,complete,,attached
trekking,"3 Days Berber Villages Trek",3-days-berber-villages-trek,"assets/images/programs/Atlas Trekkings/3-day Berber villages trek",3-day-berber-villages-trek-imlil-valley-berber-village-terraces-cover.webp,"normalized-exact: Duration matches: 3 days | Trekking section | Title identical after normalization",0.97,2,0,attached,attached,complete,,attached
trekking,"3 Days Toubkal Summit Trek",3-days-toubkal-summit-trek,"assets/images/programs/Atlas Trekkings/3-day Toubkal trekking tour",3-day-toubkal-trekking-tour-toubkal-snowy-valley-trekker-cover.webp,"high-confidence: Duration matches: 3 days | Trekking section | Only remaining 3-day Toubkal trek; summit trek = Toubkal trekking tour | Images show Toubkal high valleys",0.85,2,0,attached,attached,complete,,attached
